title,company,location,link
인사 / 기획 / 총무 관련 멀티플레이어 모집,에스티엑스건설,부산,http://www.saramin.co.kr/zf_user/jobs/relay/view?view_type=search&rec_idx=37896421&location=ts&searchword=%ED%8C%8C%EC%9D%B4%EC%8D%AC&searchType=search&paid_fl=n
[정규직]하나마이크론(주) 반도체 생산직 신입/경력 모집 (04월),하나마이크론㈜,충남,http://www.saramin.co.kr/zf_user/jobs/relay/view?view_type=search&rec_idx=37987413&location=ts&searchword=%ED%8C%8C%EC%9D%B4%EC%8D%AC&searchType=search&paid_fl=n
"[젠틀몬스터] 아시아권 브랜딩 기획, 마케팅 담당자 채용",(주)아이아이컴바인드,서울,http://www.saramin.co.kr/zf_user/jobs/relay/view?view_type=search&rec_idx=37921567&location=ts&searchword=%ED%8C%8C%EC%9D%B4%EC%8D%AC&searchType=search&paid_fl=n
[에이제이- 서울 강남 위치] 구매팀 채용 공고,에이제이(주),서울,http://www.saramin.co.kr/zf_user/jobs/relay/view?view_type=search&rec_idx=37904418&location=ts&searchword=%ED%8C%8C%EC%9D%B4%EC%8D%AC&searchType=search&paid_fl=n
식각 및 ITO 생산직 및 검사원 사원 모집,(주)아바텍,경북,http://www.saramin.co.kr/zf_user/jobs/relay/view?view_type=search&rec_idx=37915805&location=ts&searchword=%ED%8C%8C%EC%9D%B4%EC%8D%AC&searchType=search&paid_fl=n
제조·가공/생산 정규직 채용 - 경력무관,울산엔지니어링,울산,http://www.saramin.co.kr/zf_user/jobs/relay/view?view_type=search&rec_idx=37842789&location=ts&searchword=%ED%8C%8C%EC%9D%B4%EC%8D%AC&searchType=search&paid_fl=n
HR/경영지원팀장/인사총무총괄/채용관리/직원교육/임금관리/재무,(주)쿨앤쿨,서울,http://www.saramin.co.kr/zf_user/jobs/relay/view?view_type=search&rec_idx=37868626&location=ts&searchword=%ED%8C%8C%EC%9D%B4%EC%8D%AC&searchType=search&paid_fl=n
"생산·제조·포장·조립(생산, 조립) 모집 공고",삼기산업(주),울산,http://www.saramin.co.kr/zf_user/jobs/relay/view?view_type=search&rec_idx=37875475&location=ts&searchword=%ED%8C%8C%EC%9D%B4%EC%8D%AC&searchType=search&paid_fl=n
[잠실역/주5일/본사] 쿠팡 사무보조 대규모 채용 -정규직 전환,에이스휴먼파워(주),서울,http://www.saramin.co.kr/zf_user/jobs/relay/view?view_type=search&rec_idx=37961617&location=ts&searchword=%ED%8C%8C%EC%9D%B4%EC%8D%AC&searchType=search&paid_fl=n
[메가존] Business Group 직무별 채용,메가존(주),서울,http://www.saramin.co.kr/zf_user/jobs/relay/view?view_type=search&rec_idx=37757273&location=ts&searchword=%ED%8C%8C%EC%9D%B4%EC%8D%AC&searchType=search&paid_fl=n
[취업연수 국비교육]자바/파이썬/빅데이터/웹/영상/건축,㈜이젠아카데미인재개발원,서울전체,http://www.saramin.co.kr/zf_user/jobs/relay/view?view_type=search&rec_idx=36825236&location=ts&searchword=%ED%8C%8C%EC%9D%B4%EC%8D%AC&searchType=search&paid_fl=n
"[금융] 파이썬 기반 AI 플랫폼 개발/고급/상암,즉시(협의)",(주)지티씨솔루션,서울,http://www.saramin.co.kr/zf_user/jobs/relay/view?view_type=search&rec_idx=38061439&location=ts&searchword=%ED%8C%8C%EC%9D%B4%EC%8D%AC&searchType=search&paid_fl=n
"신입 프로그래머, 파이썬, C++, 소프트웨어",(주)시정,대전,http://www.saramin.co.kr/zf_user/jobs/relay/view?view_type=search&rec_idx=37988329&location=ts&searchword=%ED%8C%8C%EC%9D%B4%EC%8D%AC&searchType=search&paid_fl=n
"유니티, 파이썬 관련 프리랜서 구해요",(주)케이엘피,서울,http://www.saramin.co.kr/zf_user/jobs/relay/view?view_type=search&rec_idx=38096332&location=ts&searchword=%ED%8C%8C%EC%9D%B4%EC%8D%AC&searchType=search&paid_fl=n
"자바, C#, 파이썬 개발자 및 데이터사이언티스트 모집",(주)비카누스,경기,http://www.saramin.co.kr/zf_user/jobs/relay/view?view_type=search&rec_idx=38079720&location=ts&searchword=%ED%8C%8C%EC%9D%B4%EC%8D%AC&searchType=search&paid_fl=n
[교육비 전액무료 교육] 자바 파이썬 R을 활용한 빅데이터 분석과정,(주)솔데스크,서울,http://www.saramin.co.kr/zf_user/jobs/relay/view?view_type=search&rec_idx=38015804&location=ts&searchword=%ED%8C%8C%EC%9D%B4%EC%8D%AC&searchType=search&paid_fl=n
"개발자 채용 (프론트 백엔드) / 리액트, 파이썬 (정규직,계약직)",데이터플로,서울,http://www.saramin.co.kr/zf_user/jobs/relay/view?view_type=search&rec_idx=38031874&location=ts&searchword=%ED%8C%8C%EC%9D%B4%EC%8D%AC&searchType=search&paid_fl=n
파이썬 개발자 (계약/정규/파트 자유),(주)제이어스,대전,http://www.saramin.co.kr/zf_user/jobs/relay/view?view_type=search&rec_idx=38068257&location=ts&searchword=%ED%8C%8C%EC%9D%B4%EC%8D%AC&searchType=search&paid_fl=n
"모빌리티 기업, 렌카(주) 부분별 개발자(파이썬,리엑트) 모집",렌카(주),서울,http://www.saramin.co.kr/zf_user/jobs/relay/view?view_type=search&rec_idx=38047595&location=ts&searchword=%ED%8C%8C%EC%9D%B4%EC%8D%AC&searchType=search&paid_fl=n
파이썬 Python 개발자 모집,(주)인섹시큐리티,서울,http://www.saramin.co.kr/zf_user/jobs/relay/view?view_type=search&rec_idx=37862545&location=ts&searchword=%ED%8C%8C%EC%9D%B4%EC%8D%AC&searchType=search&paid_fl=n
"[서울 or 판교 근무] 파이썬, C++, 소프트웨어 개발 경험자",(주)시정,서울,http://www.saramin.co.kr/zf_user/jobs/relay/view?view_type=search&rec_idx=38058549&location=ts&searchword=%ED%8C%8C%EC%9D%B4%EC%8D%AC&searchType=search&paid_fl=n
"파이썬, C++, 소프트웨어 개발 경험자",(주)시정,대전,http://www.saramin.co.kr/zf_user/jobs/relay/view?view_type=search&rec_idx=37931746&location=ts&searchword=%ED%8C%8C%EC%9D%B4%EC%8D%AC&searchType=search&paid_fl=n
"데이터베이스 이용 앱개발 경험자,파이썬 경험자우대 서울",정안헬스케어,서울,http://www.saramin.co.kr/zf_user/jobs/relay/view?view_type=search&rec_idx=37979313&location=ts&searchword=%ED%8C%8C%EC%9D%B4%EC%8D%AC&searchType=search&paid_fl=n
"응용프로그램개발( 파이썬,C#,임베디드), IoT개발자를 모십니다",도영아이씨티,충북,http://www.saramin.co.kr/zf_user/jobs/relay/view?view_type=search&rec_idx=37917946&location=ts&searchword=%ED%8C%8C%EC%9D%B4%EC%8D%AC&searchType=search&paid_fl=n
파이썬 장고 웹 백엔드 개발자 채용 (경력 3년 이상),(주)동광사우,경기,http://www.saramin.co.kr/zf_user/jobs/relay/view?view_type=search&rec_idx=37866674&location=ts&searchword=%ED%8C%8C%EC%9D%B4%EC%8D%AC&searchType=search&paid_fl=n
파이썬 활용 스마트팜 AI빅데이터 플랫폼 기반 분석응용 API구축,(주)마스팜,전북,http://www.saramin.co.kr/zf_user/jobs/relay/view?view_type=search&rec_idx=38031277&location=ts&searchword=%ED%8C%8C%EC%9D%B4%EC%8D%AC&searchType=search&paid_fl=n
파이썬 활용 스마트팜 AI빅데이터 플랫폼 기반 분석응용 API구현,(주)마스팜,전북,http://www.saramin.co.kr/zf_user/jobs/relay/view?view_type=search&rec_idx=38031302&location=ts&searchword=%ED%8C%8C%EC%9D%B4%EC%8D%AC&searchType=search&paid_fl=n
[아토머스] 파이썬 웹 개발자 모집 공고,아토머스(주),서울,http://www.saramin.co.kr/zf_user/jobs/relay/view?view_type=search&rec_idx=38042816&location=ts&searchword=%ED%8C%8C%EC%9D%B4%EC%8D%AC&searchType=search&paid_fl=n
"AI, ML 파이썬/자바 개발자 공고(청년채움공제 가능)",(주)데이터에듀,부산,http://www.saramin.co.kr/zf_user/jobs/relay/view?view_type=search&rec_idx=38016059&location=ts&searchword=%ED%8C%8C%EC%9D%B4%EC%8D%AC&searchType=search&paid_fl=n
"IT강사님 모집합니다. ( JAVA, 빅데이터, 파이썬 외)",디지털원(주),서울,http://www.saramin.co.kr/zf_user/jobs/relay/view?view_type=search&rec_idx=38019523&location=ts&searchword=%ED%8C%8C%EC%9D%B4%EC%8D%AC&searchType=search&paid_fl=n
"소프트웨어 엔지니어 모집 (Unity, 파이썬, C++ 등 )",㈜아쿠아드론,경기,http://www.saramin.co.kr/zf_user/jobs/relay/view?view_type=search&rec_idx=38041719&location=ts&searchword=%ED%8C%8C%EC%9D%B4%EC%8D%AC&searchType=search&paid_fl=n
인공지능(AI)/Java/Python 정규직 모집 - 각 분야별,㈜지어소프트,서울,http://www.saramin.co.kr/zf_user/jobs/relay/view?view_type=search&rec_idx=38062190&location=ts&searchword=%ED%8C%8C%EC%9D%B4%EC%8D%AC&searchType=search&paid_fl=n
데이터 엔지니어로 성장하고 싶은 Python Backend,(주)라이앤캐처스,서울,http://www.saramin.co.kr/zf_user/jobs/relay/view?view_type=search&rec_idx=38038723&location=ts&searchword=%ED%8C%8C%EC%9D%B4%EC%8D%AC&searchType=search&paid_fl=n
2020상반기 SAS 빅데이터/DataAnalysis/Python/R 인재 모집,(주)그루넷,서울,http://www.saramin.co.kr/zf_user/jobs/relay/view?view_type=search&rec_idx=37918030&location=ts&searchword=%ED%8C%8C%EC%9D%B4%EC%8D%AC&searchType=search&paid_fl=n
"[바이오, 제약] C#, Python, UI 프로그램 개발 신입, 경력 채용",(주)로봇앤드디자인,경기,http://www.saramin.co.kr/zf_user/jobs/relay/view?view_type=search&rec_idx=37844921&location=ts&searchword=%ED%8C%8C%EC%9D%B4%EC%8D%AC&searchType=search&paid_fl=n
"프로그래머 채용 (WEB 프로그래밍, PHP, javascript, python)",(주)씨더스,대전,http://www.saramin.co.kr/zf_user/jobs/relay/view?view_type=search&rec_idx=38038344&location=ts&searchword=%ED%8C%8C%EC%9D%B4%EC%8D%AC&searchType=search&paid_fl=n
"(月260만원/판교/대기업) 만도 SW검증/C, Python개발 채용",(주)에스텍플러스,경기,http://www.saramin.co.kr/zf_user/jobs/relay/view?view_type=search&rec_idx=38089721&location=ts&searchword=%ED%8C%8C%EC%9D%B4%EC%8D%AC&searchType=search&paid_fl=n
"웹개발(백엔드, Python, 프론트엔드 외 2개 부문) 채용",(주)닥터링고,서울,http://www.saramin.co.kr/zf_user/jobs/relay/view?view_type=search&rec_idx=37861447&location=ts&searchword=%ED%8C%8C%EC%9D%B4%EC%8D%AC&searchType=search&paid_fl=n
[이커머스 스타트업] 고객분석 데이터분석 모집(Python GA),(주)온누리아이코리아,서울,http://www.saramin.co.kr/zf_user/jobs/relay/view?view_type=search&rec_idx=38088450&location=ts&searchword=%ED%8C%8C%EC%9D%B4%EC%8D%AC&searchType=search&paid_fl=n
20 상반기 솔루션 개발/유지보수(Linux/Java/Python) 경력무관,주식회사 피피티웨어,서울,http://www.saramin.co.kr/zf_user/jobs/relay/view?view_type=search&rec_idx=37973111&location=ts&searchword=%ED%8C%8C%EC%9D%B4%EC%8D%AC&searchType=search&paid_fl=n
"자동화사업부 소프트웨어팀(open,C++,Python,영상, 비젼)충원",(주)엠코프,서울,http://www.saramin.co.kr/zf_user/jobs/relay/view?view_type=search&rec_idx=38054356&location=ts&searchword=%ED%8C%8C%EC%9D%B4%EC%8D%AC&searchType=search&paid_fl=n
(인천 송도) Python 및 Unity3d 개발자를 모십니다,(주)그루크리에이티브랩,인천,http://www.saramin.co.kr/zf_user/jobs/relay/view?view_type=search&rec_idx=38020121&location=ts&searchword=%ED%8C%8C%EC%9D%B4%EC%8D%AC&searchType=search&paid_fl=n
"응용프로그램 개발자 JAVA, JSP, C/C++, NodeJS, Python",슈어엠(주),서울,http://www.saramin.co.kr/zf_user/jobs/relay/view?view_type=search&rec_idx=38063542&location=ts&searchword=%ED%8C%8C%EC%9D%B4%EC%8D%AC&searchType=search&paid_fl=n
"Python, Django 백엔드 개발자 모집",아이넷캅,서울,http://www.saramin.co.kr/zf_user/jobs/relay/view?view_type=search&rec_idx=38064242&location=ts&searchword=%ED%8C%8C%EC%9D%B4%EC%8D%AC&searchType=search&paid_fl=n
Python Back-end 백엔드 개발자를 모십니다,(주)페칭,서울,http://www.saramin.co.kr/zf_user/jobs/relay/view?view_type=search&rec_idx=38018208&location=ts&searchword=%ED%8C%8C%EC%9D%B4%EC%8D%AC&searchType=search&paid_fl=n
python 개발자분 모집합니다,주식회사 서르,부산,http://www.saramin.co.kr/zf_user/jobs/relay/view?view_type=search&rec_idx=37872120&location=ts&searchword=%ED%8C%8C%EC%9D%B4%EC%8D%AC&searchType=search&paid_fl=n
"2020 상반기 빅데이터, 인공지능(AI), Python 경력사원 채용",(주)테너지,경기,http://www.saramin.co.kr/zf_user/jobs/relay/view?view_type=search&rec_idx=38038194&location=ts&searchword=%ED%8C%8C%EC%9D%B4%EC%8D%AC&searchType=search&paid_fl=n
DataAnalysis&머신러닝&Python&R 외 정규직 모집 공고 - 경력,(주)에이아이더,서울,http://www.saramin.co.kr/zf_user/jobs/relay/view?view_type=search&rec_idx=37985301&location=ts&searchword=%ED%8C%8C%EC%9D%B4%EC%8D%AC&searchType=search&paid_fl=n
Python/머신러닝/인공지능(AI) 정규직 채용(신입사원),피에스아이플러스 주식회사,경기,http://www.saramin.co.kr/zf_user/jobs/relay/view?view_type=search&rec_idx=38040692&location=ts&searchword=%ED%8C%8C%EC%9D%B4%EC%8D%AC&searchType=search&paid_fl=n
AI플랫폼 Python-Django Backend Engineer,(주)에이젠글로벌,서울,http://www.saramin.co.kr/zf_user/jobs/relay/view?view_type=search&rec_idx=38074083&location=ts&searchword=%ED%8C%8C%EC%9D%B4%EC%8D%AC&searchType=search&paid_fl=n
인공지능(AI)&Python&머신러닝外 정규직 채용(각 부문별),주식회사 스마디안,서울,http://www.saramin.co.kr/zf_user/jobs/relay/view?view_type=search&rec_idx=37887697&location=ts&searchword=%ED%8C%8C%EC%9D%B4%EC%8D%AC&searchType=search&paid_fl=n
2020 상반기 Python 경력무관 채용,빅트론(주),서울,http://www.saramin.co.kr/zf_user/jobs/relay/view?view_type=search&rec_idx=37971344&location=ts&searchword=%ED%8C%8C%EC%9D%B4%EC%8D%AC&searchType=search&paid_fl=n
PHP/REACT/PYTHON/퍼블리셔 경력자 채용,행복쇼핑 주식회사,서울,http://www.saramin.co.kr/zf_user/jobs/relay/view?view_type=search&rec_idx=38073432&location=ts&searchword=%ED%8C%8C%EC%9D%B4%EC%8D%AC&searchType=search&paid_fl=n
"유니챌 SW 개발자 모집 (JavaScript, React Native, Python)",유니챌(주),서울,http://www.saramin.co.kr/zf_user/jobs/relay/view?view_type=search&rec_idx=38082237&location=ts&searchword=%ED%8C%8C%EC%9D%B4%EC%8D%AC&searchType=search&paid_fl=n
"Python, 자동제어, C#, MFC 외 정규직 채용 공고 - 인재선발",에스에스티랩,경기,http://www.saramin.co.kr/zf_user/jobs/relay/view?view_type=search&rec_idx=38028794&location=ts&searchword=%ED%8C%8C%EC%9D%B4%EC%8D%AC&searchType=search&paid_fl=n
[스테이즈/경력] 웹 개발자 모십니다 (Python/Django/Flask 등),스테이즈,서울,http://www.saramin.co.kr/zf_user/jobs/relay/view?view_type=search&rec_idx=38092974&location=ts&searchword=%ED%8C%8C%EC%9D%B4%EC%8D%AC&searchType=search&paid_fl=n
"빅데이터 분석 프리랜서 모집 ( R, Python ) - 3개월",(주)시엠아이코리아,경기,http://www.saramin.co.kr/zf_user/jobs/relay/view?view_type=search&rec_idx=37935864&location=ts&searchword=%ED%8C%8C%EC%9D%B4%EC%8D%AC&searchType=search&paid_fl=n
"[경력사원] JAVA, C, Python 개발자 모집",(주)아와소프트,경기,http://www.saramin.co.kr/zf_user/jobs/relay/view?view_type=search&rec_idx=37872330&location=ts&searchword=%ED%8C%8C%EC%9D%B4%EC%8D%AC&searchType=search&paid_fl=n
[경력무관] Python/백엔드 계약직 모집합니다,코어닷투데이,울산,http://www.saramin.co.kr/zf_user/jobs/relay/view?view_type=search&rec_idx=37886678&location=ts&searchword=%ED%8C%8C%EC%9D%B4%EC%8D%AC&searchType=search&paid_fl=n
[시청역]금융기관 시스템 구축/python/중급/개발/ASAP-2020.12.3,아키테카(주),서울,http://www.saramin.co.kr/zf_user/jobs/relay/view?view_type=search&rec_idx=38068372&location=ts&searchword=%ED%8C%8C%EC%9D%B4%EC%8D%AC&searchType=search&paid_fl=n
[코인빗] 암호화폐거래소 개발팀 Python Django 모집,(주)엑시아,서울,http://www.saramin.co.kr/zf_user/jobs/relay/view?view_type=search&rec_idx=37949574&location=ts&searchword=%ED%8C%8C%EC%9D%B4%EC%8D%AC&searchType=search&paid_fl=n
정규직/계약직/프리랜서 경력 Python 백앤드 개발자 채용,(주)셰어킴,서울,http://www.saramin.co.kr/zf_user/jobs/relay/view?view_type=search&rec_idx=38016972&location=ts&searchword=%ED%8C%8C%EC%9D%B4%EC%8D%AC&searchType=search&paid_fl=n
[경력] 웹 개발자(Python/Django) 채용,주식회사 리본소프트,서울,http://www.saramin.co.kr/zf_user/jobs/relay/view?view_type=search&rec_idx=37931888&location=ts&searchword=%ED%8C%8C%EC%9D%B4%EC%8D%AC&searchType=search&paid_fl=n
"Python, Django 백엔드 개발자 모집",(주)시큐리온,서울,http://www.saramin.co.kr/zf_user/jobs/relay/view?view_type=search&rec_idx=38099230&location=ts&searchword=%ED%8C%8C%EC%9D%B4%EC%8D%AC&searchType=search&paid_fl=n
"[경력] 물류IT 웹서비스 백엔드 개발자 채용 (Python,Django)",알고랩,서울,http://www.saramin.co.kr/zf_user/jobs/relay/view?view_type=search&rec_idx=38023235&location=ts&searchword=%ED%8C%8C%EC%9D%B4%EC%8D%AC&searchType=search&paid_fl=n
[개발]Python 백엔드 개발자(정규직),(주)위메프,서울,http://www.saramin.co.kr/zf_user/jobs/relay/view?view_type=search&rec_idx=38073908&location=ts&searchword=%ED%8C%8C%EC%9D%B4%EC%8D%AC&searchType=search&paid_fl=n
2020년 Java·JSP/Python/머신러닝/R 외 경력 채용,(주)에코브레인,서울,http://www.saramin.co.kr/zf_user/jobs/relay/view?view_type=search&rec_idx=37928799&location=ts&searchword=%ED%8C%8C%EC%9D%B4%EC%8D%AC&searchType=search&paid_fl=n
Python서버 개발자 모집,iMediSync Inc.,서울,http://www.saramin.co.kr/zf_user/jobs/relay/view?view_type=search&rec_idx=38054881&location=ts&searchword=%ED%8C%8C%EC%9D%B4%EC%8D%AC&searchType=search&paid_fl=n
백엔드개발(Python) 경력직 채용,(주)뉴트리션코트,서울,http://www.saramin.co.kr/zf_user/jobs/relay/view?view_type=search&rec_idx=38068912&location=ts&searchword=%ED%8C%8C%EC%9D%B4%EC%8D%AC&searchType=search&paid_fl=n
"Python, 인공지능(AI), 머신러닝 정규직 모집(경력무관)",(주)피노맥스,서울,http://www.saramin.co.kr/zf_user/jobs/relay/view?view_type=search&rec_idx=38098408&location=ts&searchword=%ED%8C%8C%EC%9D%B4%EC%8D%AC&searchType=search&paid_fl=n
"[일본] Java·JSP, PHP, Ajax, Python 정규직 모집합니다",SEAGILE주식회사,일본,http://www.saramin.co.kr/zf_user/jobs/relay/view?view_type=search&rec_idx=38081459&location=ts&searchword=%ED%8C%8C%EC%9D%B4%EC%8D%AC&searchType=search&paid_fl=n
"함께 할 프론트엔드, Python, Java·jsp (경력 1년이상)",(주)동광사우,경기,http://www.saramin.co.kr/zf_user/jobs/relay/view?view_type=search&rec_idx=37865548&location=ts&searchword=%ED%8C%8C%EC%9D%B4%EC%8D%AC&searchType=search&paid_fl=n
"유니챌 SW 개발자 모집(C/C++, Python, Linux)",유니챌(주),서울,http://www.saramin.co.kr/zf_user/jobs/relay/view?view_type=search&rec_idx=38082248&location=ts&searchword=%ED%8C%8C%EC%9D%B4%EC%8D%AC&searchType=search&paid_fl=n
"[경력] 교육운영 서버관리 및 HTML5 개발(PHP, Python, JAVA 등)",(주)오피유커스,서울,http://www.saramin.co.kr/zf_user/jobs/relay/view?view_type=search&rec_idx=38096450&location=ts&searchword=%ED%8C%8C%EC%9D%B4%EC%8D%AC&searchType=search&paid_fl=n
웹개발(Java·JSP/Python/GIS/프론트엔드 외 1개 부문) 채용,케이에스이씨(주),서울,http://www.saramin.co.kr/zf_user/jobs/relay/view?view_type=search&rec_idx=37991139&location=ts&searchword=%ED%8C%8C%EC%9D%B4%EC%8D%AC&searchType=search&paid_fl=n
2020년 상반기 HTML/Python/백엔드 경력 모집,(주)비투윈파트너스,서울,http://www.saramin.co.kr/zf_user/jobs/relay/view?view_type=search&rec_idx=38029845&location=ts&searchword=%ED%8C%8C%EC%9D%B4%EC%8D%AC&searchType=search&paid_fl=n
테크 스타트업에서 Python & Django 웹 개발자분을 모십니다.,jhsoftconsulting,서울,http://www.saramin.co.kr/zf_user/jobs/relay/view?view_type=search&rec_idx=37986972&location=ts&searchword=%ED%8C%8C%EC%9D%B4%EC%8D%AC&searchType=search&paid_fl=n
"Ajax, Python, PHP 정규직 채용(경력/신입)",주식회사 글로벌뉴소울,서울,http://www.saramin.co.kr/zf_user/jobs/relay/view?view_type=search&rec_idx=37894213&location=ts&searchword=%ED%8C%8C%EC%9D%B4%EC%8D%AC&searchType=search&paid_fl=n
"자사 솔루션 JAVA, Python 개발자(경력 3년 이상)",(주)코네티브커넥션,서울,http://www.saramin.co.kr/zf_user/jobs/relay/view?view_type=search&rec_idx=38030281&location=ts&searchword=%ED%8C%8C%EC%9D%B4%EC%8D%AC&searchType=search&paid_fl=n
2020 상반기 PHP/XML/ASP/PYTHON 경력 채용,스타지아(주),서울,http://www.saramin.co.kr/zf_user/jobs/relay/view?view_type=search&rec_idx=37857480&location=ts&searchword=%ED%8C%8C%EC%9D%B4%EC%8D%AC&searchType=search&paid_fl=n
"경력직 SI/SM 개발자 모집 (JAVA, 커머스, Python)",(주)씨인플러스,서울,http://www.saramin.co.kr/zf_user/jobs/relay/view?view_type=search&rec_idx=37915224&location=ts&searchword=%ED%8C%8C%EC%9D%B4%EC%8D%AC&searchType=search&paid_fl=n
"JAVA,PYTHON 개발자(신업/경력직) 정기 모집",안심생활 협동조합,서울,http://www.saramin.co.kr/zf_user/jobs/relay/view?view_type=search&rec_idx=37888094&location=ts&searchword=%ED%8C%8C%EC%9D%B4%EC%8D%AC&searchType=search&paid_fl=n
현대오트론 차량용 반도체/전장SW 전문가 경력 상시채용,현대오트론(주),서울,http://www.saramin.co.kr/zf_user/jobs/relay/view?view_type=search&rec_idx=38028271&location=ts&searchword=%ED%8C%8C%EC%9D%B4%EC%8D%AC&searchType=search&paid_fl=n
2020년 대림산업 신입사원 채용,대림산업㈜,서울,http://www.saramin.co.kr/zf_user/jobs/relay/view?view_type=search&rec_idx=38067977&location=ts&searchword=%ED%8C%8C%EC%9D%B4%EC%8D%AC&searchType=search&paid_fl=n
[(주)크로센트] 클라우드(JAVA) 개발자 채용 (신입/경력직),(주)크로센트,서울,http://www.saramin.co.kr/zf_user/jobs/relay/view?view_type=search&rec_idx=38091642&location=ts&searchword=%ED%8C%8C%EC%9D%B4%EC%8D%AC&searchType=search&paid_fl=n
2020년 부문별 신입/경력 채용,(주)딜리셔스,서울,http://www.saramin.co.kr/zf_user/jobs/relay/view?view_type=search&rec_idx=38055334&location=ts&searchword=%ED%8C%8C%EC%9D%B4%EC%8D%AC&searchType=search&paid_fl=n
2020년 상반기 각 부문 정직원 채용,(주)로앤컴퍼니,서울,http://www.saramin.co.kr/zf_user/jobs/relay/view?view_type=search&rec_idx=38077142&location=ts&searchword=%ED%8C%8C%EC%9D%B4%EC%8D%AC&searchType=search&paid_fl=n
2020년 제 2차 우수벤처기업 공동채용,(사)벤처기업협회,서울전체,http://www.saramin.co.kr/zf_user/jobs/relay/view?view_type=search&rec_idx=38068558&location=ts&searchword=%ED%8C%8C%EC%9D%B4%EC%8D%AC&searchType=search&paid_fl=n
2020년 각 부문 경력사원 채용,㈜원익아이피에스,경기,http://www.saramin.co.kr/zf_user/jobs/relay/view?view_type=search&rec_idx=38042510&location=ts&searchword=%ED%8C%8C%EC%9D%B4%EC%8D%AC&searchType=search&paid_fl=n
각 부문 신입/경력사원 모집,앰코테크놀로지코리아㈜ K5공장,인천,http://www.saramin.co.kr/zf_user/jobs/relay/view?view_type=search&rec_idx=38070159&location=ts&searchword=%ED%8C%8C%EC%9D%B4%EC%8D%AC&searchType=search&paid_fl=n
[강남본사] 각 부문 신입/경력직 채용,성원아이북랜드,서울,http://www.saramin.co.kr/zf_user/jobs/relay/view?view_type=search&rec_idx=38090305&location=ts&searchword=%ED%8C%8C%EC%9D%B4%EC%8D%AC&searchType=search&paid_fl=n
피에스케이 그룹사 수시모집 (IT/기술영업/공정개발/R&D/PE),피에스케이홀딩스(주),경기,http://www.saramin.co.kr/zf_user/jobs/relay/view?view_type=search&rec_idx=38098476&location=ts&searchword=%ED%8C%8C%EC%9D%B4%EC%8D%AC&searchType=search&paid_fl=n
2020 DIT 공개 채용,디아이티㈜,경기,http://www.saramin.co.kr/zf_user/jobs/relay/view?view_type=search&rec_idx=38018398&location=ts&searchword=%ED%8C%8C%EC%9D%B4%EC%8D%AC&searchType=search&paid_fl=n
생산기술담당 산하 경력사원 채용,엘지이노텍(주),경기,http://www.saramin.co.kr/zf_user/jobs/relay/view?view_type=search&rec_idx=38091253&location=ts&searchword=%ED%8C%8C%EC%9D%B4%EC%8D%AC&searchType=search&paid_fl=n
[SK인포섹] Secudium MSS 운영 경력직 채용,에스케이인포섹(주),경기,http://www.saramin.co.kr/zf_user/jobs/relay/view?view_type=search&rec_idx=38043328&location=ts&searchword=%ED%8C%8C%EC%9D%B4%EC%8D%AC&searchType=search&paid_fl=n
[SK인포섹]  Bigdata Engineer 채용,에스케이인포섹(주),경기,http://www.saramin.co.kr/zf_user/jobs/relay/view?view_type=search&rec_idx=38041858&location=ts&searchword=%ED%8C%8C%EC%9D%B4%EC%8D%AC&searchType=search&paid_fl=n
[포스코ICT] AI/Big Data 전문경력사원 상시채용,(주)포스코아이씨티,경기,http://www.saramin.co.kr/zf_user/jobs/relay/view?view_type=search&rec_idx=38077120&location=ts&searchword=%ED%8C%8C%EC%9D%B4%EC%8D%AC&searchType=search&paid_fl=n
펍지㈜ 각 부문별 수시 채용,펍지(주),서울,http://www.saramin.co.kr/zf_user/jobs/relay/view?view_type=search&rec_idx=37981672&location=ts&searchword=%ED%8C%8C%EC%9D%B4%EC%8D%AC&searchType=search&paid_fl=n
㈜네온테크 2020년 신입/경력 공개채용,㈜네온테크,경기,http://www.saramin.co.kr/zf_user/jobs/relay/view?view_type=search&rec_idx=38072651&location=ts&searchword=%ED%8C%8C%EC%9D%B4%EC%8D%AC&searchType=search&paid_fl=n
㈜코리아센터 웹/앱 개발자 모집,㈜코리아센터,서울,http://www.saramin.co.kr/zf_user/jobs/relay/view?view_type=search&rec_idx=38075955&location=ts&searchword=%ED%8C%8C%EC%9D%B4%EC%8D%AC&searchType=search&paid_fl=n
웹/앱 서비스 및 시스템 개발자 모집,(주)코리아센터,서울,http://www.saramin.co.kr/zf_user/jobs/relay/view?view_type=search&rec_idx=37893313&location=ts&searchword=%ED%8C%8C%EC%9D%B4%EC%8D%AC&searchType=search&paid_fl=n
2020년 유진금융부문 신입사원(정규직 전환형 인턴) 채용,유진투자증권(주),서울,http://www.saramin.co.kr/zf_user/jobs/relay/view?view_type=search&rec_idx=38078536&location=ts&searchword=%ED%8C%8C%EC%9D%B4%EC%8D%AC&searchType=search&paid_fl=n
"Principal, SCM(Inventory Planning Control)",쿠팡(주),서울,http://www.saramin.co.kr/zf_user/jobs/relay/view?view_type=search&rec_idx=38080788&location=ts&searchword=%ED%8C%8C%EC%9D%B4%EC%8D%AC&searchType=search&paid_fl=n
[베네통코리아] 각 부문 모집,㈜베네통코리아,서울,http://www.saramin.co.kr/zf_user/jobs/relay/view?view_type=search&rec_idx=38072335&location=ts&searchword=%ED%8C%8C%EC%9D%B4%EC%8D%AC&searchType=search&paid_fl=n
2020년 부문별 신입/경력 채용 모집,덕산네오룩스(주),충남,http://www.saramin.co.kr/zf_user/jobs/relay/view?view_type=search&rec_idx=37923272&location=ts&searchword=%ED%8C%8C%EC%9D%B4%EC%8D%AC&searchType=search&paid_fl=n
[IGS] 개발자 / UI 기획자 모집,아이지에스(주),서울,http://www.saramin.co.kr/zf_user/jobs/relay/view?view_type=search&rec_idx=37947888&location=ts&searchword=%ED%8C%8C%EC%9D%B4%EC%8D%AC&searchType=search&paid_fl=n
2020년 해커스 교육그룹 [신입/경력] 각 부문별 채용공고,㈜해커스교육그룹,서울,http://www.saramin.co.kr/zf_user/jobs/relay/view?view_type=search&rec_idx=37979737&location=ts&searchword=%ED%8C%8C%EC%9D%B4%EC%8D%AC&searchType=search&paid_fl=n
"웹개발자 ( Java, .net , c#)",(주)로그인네트웍,인천,http://www.saramin.co.kr/zf_user/jobs/relay/view?view_type=search&rec_idx=38032336&location=ts&searchword=%ED%8C%8C%EC%9D%B4%EC%8D%AC&searchType=search&paid_fl=n
2020 상반기 Jr. Backend Developer 대규모 공개채용,유한책임회사딜리버리히어로코리아,서울,http://www.saramin.co.kr/zf_user/jobs/relay/view?view_type=search&rec_idx=38069791&location=ts&searchword=%ED%8C%8C%EC%9D%B4%EC%8D%AC&searchType=search&paid_fl=n
즉시채용 [유시스트] 2020년 상반기 미디어/  엔터테인먼트 / 마케팅 각 부문 채용,(주)유시스트,경기,http://www.saramin.co.kr/zf_user/jobs/relay/view?view_type=search&rec_idx=38079926&location=ts&searchword=%ED%8C%8C%EC%9D%B4%EC%8D%AC&searchType=search&paid_fl=n
인공지능(AI)·빅데이터(빅데이터/R 외 3개 부문) 모집,(주)원익아이피에스,경기,http://www.saramin.co.kr/zf_user/jobs/relay/view?view_type=search&rec_idx=38073113&location=ts&searchword=%ED%8C%8C%EC%9D%B4%EC%8D%AC&searchType=search&paid_fl=n
[스타트업] 담대하게 함께할 개발자를 모십니다 - React Native,(주)볼드코퍼레이션,서울,http://www.saramin.co.kr/zf_user/jobs/relay/view?view_type=search&rec_idx=37961195&location=ts&searchword=%ED%8C%8C%EC%9D%B4%EC%8D%AC&searchType=search&paid_fl=n
[메가존클라우드] 2020년 상반기 Tech 부문 채용,메가존(주),서울,http://www.saramin.co.kr/zf_user/jobs/relay/view?view_type=search&rec_idx=37746728&location=ts&searchword=%ED%8C%8C%EC%9D%B4%EC%8D%AC&searchType=search&paid_fl=n
SMART공장 빅데이터분석·품질·생산관리과정 교육생모집,(사)한국기술사업화진흥협회,대구,http://www.saramin.co.kr/zf_user/jobs/relay/view?view_type=search&rec_idx=38027956&location=ts&searchword=%ED%8C%8C%EC%9D%B4%EC%8D%AC&searchType=search&paid_fl=n
"데이터분석 개발자/JAVA개발자/경영지원/IOT, 현장지원",(주)아이오티솔루션,부산,http://www.saramin.co.kr/zf_user/jobs/relay/view?view_type=search&rec_idx=38032097&location=ts&searchword=%ED%8C%8C%EC%9D%B4%EC%8D%AC&searchType=search&paid_fl=n
정규직 채용연계 교육생(서울시 지원사업)스마트에너지분야(EMS),(사)한국벰스협회,서울전체,http://www.saramin.co.kr/zf_user/jobs/relay/view?view_type=search&rec_idx=37794408&location=ts&searchword=%ED%8C%8C%EC%9D%B4%EC%8D%AC&searchType=search&paid_fl=n
[사람인LAB] 빅데이터 파트 리더급 채용,(주)사람인에이치알,서울,http://www.saramin.co.kr/zf_user/jobs/relay/view?view_type=search&rec_idx=38049358&location=ts&searchword=%ED%8C%8C%EC%9D%B4%EC%8D%AC&searchType=search&paid_fl=n
[사람인LAB] 빅데이터 분석 및 처리 연구원 모집,(주)사람인에이치알,서울,http://www.saramin.co.kr/zf_user/jobs/relay/view?view_type=search&rec_idx=38060351&location=ts&searchword=%ED%8C%8C%EC%9D%B4%EC%8D%AC&searchType=search&paid_fl=n
각 부문별 경력사원 모집,㈜티제이팜,서울,http://www.saramin.co.kr/zf_user/jobs/relay/view?view_type=search&rec_idx=38041982&location=ts&searchword=%ED%8C%8C%EC%9D%B4%EC%8D%AC&searchType=search&paid_fl=n
[건설사업부] 기술개발원 Data Analytics/Data Mining 담당 경력사원 채용 (정규직),대림산업㈜,서울,http://www.saramin.co.kr/zf_user/jobs/relay/view?view_type=search&rec_idx=38040552&location=ts&searchword=%ED%8C%8C%EC%9D%B4%EC%8D%AC&searchType=search&paid_fl=n
이노뎁(주) 기술연구그룹 부문별 채용,이노뎁(주),서울,http://www.saramin.co.kr/zf_user/jobs/relay/view?view_type=search&rec_idx=38072993&location=ts&searchword=%ED%8C%8C%EC%9D%B4%EC%8D%AC&searchType=search&paid_fl=n
[무료교육/취업연계] 인공지능/블록체인 전문가 양성 교육생 모집,한국표준협회,서울전체,http://www.saramin.co.kr/zf_user/jobs/relay/view?view_type=search&rec_idx=38082664&location=ts&searchword=%ED%8C%8C%EC%9D%B4%EC%8D%AC&searchType=search&paid_fl=n
KAIST AI대학원 성남연구센터 위촉연구원 채용,한국과학기술원,경기,http://www.saramin.co.kr/zf_user/jobs/relay/view?view_type=search&rec_idx=38087296&location=ts&searchword=%ED%8C%8C%EC%9D%B4%EC%8D%AC&searchType=search&paid_fl=n
빅데이터 전문 기업 인재 채용,데이터스트림즈 ㈜,경기,http://www.saramin.co.kr/zf_user/jobs/relay/view?view_type=search&rec_idx=38004451&location=ts&searchword=%ED%8C%8C%EC%9D%B4%EC%8D%AC&searchType=search&paid_fl=n
[코스닥상장사] AI클라우드 프론트/백엔드개발자 모집의 건,㈜아이티엑스엠투엠,서울,http://www.saramin.co.kr/zf_user/jobs/relay/view?view_type=search&rec_idx=38018273&location=ts&searchword=%ED%8C%8C%EC%9D%B4%EC%8D%AC&searchType=search&paid_fl=n
개발자 신입/경력 4월 공고 채용,이투스교육,서울,http://www.saramin.co.kr/zf_user/jobs/relay/view?view_type=search&rec_idx=37973639&location=ts&searchword=%ED%8C%8C%EC%9D%B4%EC%8D%AC&searchType=search&paid_fl=n
[클라우드그램] 2020년 상반기 각 부문별 채용,메가존(주),서울,http://www.saramin.co.kr/zf_user/jobs/relay/view?view_type=search&rec_idx=37741669&location=ts&searchword=%ED%8C%8C%EC%9D%B4%EC%8D%AC&searchType=search&paid_fl=n
경기/시흥・안산/군포 국비무료 취업연수생 모집,한국직업능력교육원 안산,경기,http://www.saramin.co.kr/zf_user/jobs/relay/view?view_type=search&rec_idx=37988355&location=ts&searchword=%ED%8C%8C%EC%9D%B4%EC%8D%AC&searchType=search&paid_fl=n
[근무시간10 to 6] ㈜펍플 2020 각 부문별 경력 채용,(주)펍플,경기,http://www.saramin.co.kr/zf_user/jobs/relay/view?view_type=search&rec_idx=38034694&location=ts&searchword=%ED%8C%8C%EC%9D%B4%EC%8D%AC&searchType=search&paid_fl=n
AI연구개발 신입모집 (일반 프로그래머 2년이상 경력자),(주)정아랩,울산,http://www.saramin.co.kr/zf_user/jobs/relay/view?view_type=search&rec_idx=38091912&location=ts&searchword=%ED%8C%8C%EC%9D%B4%EC%8D%AC&searchType=search&paid_fl=n
㈜나우버스킹 각 부문 신입/경력 채용,(주)나우버스킹,서울,http://www.saramin.co.kr/zf_user/jobs/relay/view?view_type=search&rec_idx=38055410&location=ts&searchword=%ED%8C%8C%EC%9D%B4%EC%8D%AC&searchType=search&paid_fl=n
[메가존] 2020년 상반기 구글클라우드 직무별 채용,메가존(주),서울,http://www.saramin.co.kr/zf_user/jobs/relay/view?view_type=search&rec_idx=37756210&location=ts&searchword=%ED%8C%8C%EC%9D%B4%EC%8D%AC&searchType=search&paid_fl=n
4차산업분야 VR/AR 무료 취업 교육생 모집,국제직업전문학교,광주,http://www.saramin.co.kr/zf_user/jobs/relay/view?view_type=search&rec_idx=37915830&location=ts&searchword=%ED%8C%8C%EC%9D%B4%EC%8D%AC&searchType=search&paid_fl=n
[무료교육] 자율주행SW 개발전문가 교육생모집(구.MDS아카데미),(주)한컴아카데미,경기,http://www.saramin.co.kr/zf_user/jobs/relay/view?view_type=search&rec_idx=38027524&location=ts&searchword=%ED%8C%8C%EC%9D%B4%EC%8D%AC&searchType=search&paid_fl=n
[국비무료] 2020년도 상반기 교육 훈련생 모집,동대문여성인력개발센터,서울,http://www.saramin.co.kr/zf_user/jobs/relay/view?view_type=search&rec_idx=38035258&location=ts&searchword=%ED%8C%8C%EC%9D%B4%EC%8D%AC&searchType=search&paid_fl=n
프로그래머 부분 모집 (데이터사이언티스트),(주)로아인텔리전스,서울,http://www.saramin.co.kr/zf_user/jobs/relay/view?view_type=search&rec_idx=37899496&location=ts&searchword=%ED%8C%8C%EC%9D%B4%EC%8D%AC&searchType=search&paid_fl=n
(주)디구루 [데이터분석] 빅데이터 컨설턴트/분석가 모집,(주)디구루,경기,http://www.saramin.co.kr/zf_user/jobs/relay/view?view_type=search&rec_idx=38092761&location=ts&searchword=%ED%8C%8C%EC%9D%B4%EC%8D%AC&searchType=search&paid_fl=n
[중고나라] 개발 부문 채용 공고,(주)중고나라,서울,http://www.saramin.co.kr/zf_user/jobs/relay/view?view_type=search&rec_idx=38078841&location=ts&searchword=%ED%8C%8C%EC%9D%B4%EC%8D%AC&searchType=search&paid_fl=n
(주)에스아이에이 2020 상반기 각부문 정직원 채용 (신입/경력),(주)에스아이에이,대전,http://www.saramin.co.kr/zf_user/jobs/relay/view?view_type=search&rec_idx=38097914&location=ts&searchword=%ED%8C%8C%EC%9D%B4%EC%8D%AC&searchType=search&paid_fl=n
"(기획, 서버개발, 자금, 앱개발) 각 부문별 정규직 채용",유비벨록스㈜,서울,http://www.saramin.co.kr/zf_user/jobs/relay/view?view_type=search&rec_idx=38082336&location=ts&searchword=%ED%8C%8C%EC%9D%B4%EC%8D%AC&searchType=search&paid_fl=n
각 부문  E-commerce  경력직/계약직 모집,㈜베네통코리아,서울,http://www.saramin.co.kr/zf_user/jobs/relay/view?view_type=search&rec_idx=37999212&location=ts&searchword=%ED%8C%8C%EC%9D%B4%EC%8D%AC&searchType=search&paid_fl=n
[Web 개발] 부문 신입/경력 채용,(주)파인디지털,경기,http://www.saramin.co.kr/zf_user/jobs/relay/view?view_type=search&rec_idx=38060629&location=ts&searchword=%ED%8C%8C%EC%9D%B4%EC%8D%AC&searchType=search&paid_fl=n
임베디드 리눅스(Embedded linux) 개발자 채용공고,㈜캐리마,서울,http://www.saramin.co.kr/zf_user/jobs/relay/view?view_type=search&rec_idx=38088378&location=ts&searchword=%ED%8C%8C%EC%9D%B4%EC%8D%AC&searchType=search&paid_fl=n
[이지위너] 솔루션 개발 / 가이드(운영) 인재 채용,네모커머스(주),서울,http://www.saramin.co.kr/zf_user/jobs/relay/view?view_type=search&rec_idx=38063767&location=ts&searchword=%ED%8C%8C%EC%9D%B4%EC%8D%AC&searchType=search&paid_fl=n
[강남]  JAVA백엔드/IOS And모바일 개발자 경력,인재사관학교 주식회사,서울,http://www.saramin.co.kr/zf_user/jobs/relay/view?view_type=search&rec_idx=38087477&location=ts&searchword=%ED%8C%8C%EC%9D%B4%EC%8D%AC&searchType=search&paid_fl=n
스마트공장 솔루션 개발 신입/경력 채용(정규직&계약직),(주)동연에스엔티,부산,http://www.saramin.co.kr/zf_user/jobs/relay/view?view_type=search&rec_idx=38092739&location=ts&searchword=%ED%8C%8C%EC%9D%B4%EC%8D%AC&searchType=search&paid_fl=n
"시스템 개발, 보안 솔루션 운영 경력/신입 모집",(주)세인트시큐리티,서울,http://www.saramin.co.kr/zf_user/jobs/relay/view?view_type=search&rec_idx=38068005&location=ts&searchword=%ED%8C%8C%EC%9D%B4%EC%8D%AC&searchType=search&paid_fl=n
[국비연수]일본 호텔 프론트/IT 개발자 취업연수 과정-항공료지원,글로벌인,일본,http://www.saramin.co.kr/zf_user/jobs/relay/view?view_type=search&rec_idx=38083660&location=ts&searchword=%ED%8C%8C%EC%9D%B4%EC%8D%AC&searchType=search&paid_fl=n
각 부문 경력사원 채용,에스케이플래닛(주),경기,http://www.saramin.co.kr/zf_user/jobs/relay/view?view_type=search&rec_idx=38083118&location=ts&searchword=%ED%8C%8C%EC%9D%B4%EC%8D%AC&searchType=search&paid_fl=n
"개발자, 기획자, 디자이너, 퍼블리셔 채용",(주)에스아이알소프트,서울전체,http://www.saramin.co.kr/zf_user/jobs/relay/view?view_type=search&rec_idx=38051848&location=ts&searchword=%ED%8C%8C%EC%9D%B4%EC%8D%AC&searchType=search&paid_fl=n
취업연계 우수과정 교육생모집,대한상공회의소 충남인력개발원,충남,http://www.saramin.co.kr/zf_user/jobs/relay/view?view_type=search&rec_idx=37991997&location=ts&searchword=%ED%8C%8C%EC%9D%B4%EC%8D%AC&searchType=search&paid_fl=n
"각 부분 SW, HW 개발 / PM / FAE 채용",리트빅,경기,http://www.saramin.co.kr/zf_user/jobs/relay/view?view_type=search&rec_idx=38013684&location=ts&searchword=%ED%8C%8C%EC%9D%B4%EC%8D%AC&searchType=search&paid_fl=n
2020년 상반기 각 부문 신입/경력 채용,(주)스탠드포인트,서울,http://www.saramin.co.kr/zf_user/jobs/relay/view?view_type=search&rec_idx=38040507&location=ts&searchword=%ED%8C%8C%EC%9D%B4%EC%8D%AC&searchType=search&paid_fl=n
[㈜하미글로벌] 2020년 상반기 각 개발부문 채용,(주)하미글로벌,서울,http://www.saramin.co.kr/zf_user/jobs/relay/view?view_type=search&rec_idx=38077812&location=ts&searchword=%ED%8C%8C%EC%9D%B4%EC%8D%AC&searchType=search&paid_fl=n
[전액국비지원] 정보시스템 보안 엔지니어 양성 교육생 모집,대한상공회의소 서울기술교육센터,서울,http://www.saramin.co.kr/zf_user/jobs/relay/view?view_type=search&rec_idx=38055752&location=ts&searchword=%ED%8C%8C%EC%9D%B4%EC%8D%AC&searchType=search&paid_fl=n
2020년 상반기 각 부문 경력/신입사원 모집,(주)에스엘솔루션,서울,http://www.saramin.co.kr/zf_user/jobs/relay/view?view_type=search&rec_idx=38034612&location=ts&searchword=%ED%8C%8C%EC%9D%B4%EC%8D%AC&searchType=search&paid_fl=n
[콜버스랩] 주니어 백엔드 개발자 채용,콜버스랩,서울,http://www.saramin.co.kr/zf_user/jobs/relay/view?view_type=search&rec_idx=38033728&location=ts&searchword=%ED%8C%8C%EC%9D%B4%EC%8D%AC&searchType=search&paid_fl=n
각 부문 신입/경력 직원 채용,플랫비 주식회사,서울,http://www.saramin.co.kr/zf_user/jobs/relay/view?view_type=search&rec_idx=38048894&location=ts&searchword=%ED%8C%8C%EC%9D%B4%EC%8D%AC&searchType=search&paid_fl=n
프로그래머 부분 모집(백엔드개발자),(주)로아인텔리전스,서울,http://www.saramin.co.kr/zf_user/jobs/relay/view?view_type=search&rec_idx=37902236&location=ts&searchword=%ED%8C%8C%EC%9D%B4%EC%8D%AC&searchType=search&paid_fl=n
반도체 Design Service 엔지니어(Front end / Back end) 채용,주식회사코아시아세미코리아,서울,http://www.saramin.co.kr/zf_user/jobs/relay/view?view_type=search&rec_idx=38088140&location=ts&searchword=%ED%8C%8C%EC%9D%B4%EC%8D%AC&searchType=search&paid_fl=n
(자동차 부품 제조업) 전산팀 인원 모집,(주)무등기업,광주,http://www.saramin.co.kr/zf_user/jobs/relay/view?view_type=search&rec_idx=38002128&location=ts&searchword=%ED%8C%8C%EC%9D%B4%EC%8D%AC&searchType=search&paid_fl=n
컴퓨터 비전 & 딥러닝 연구원 모집 (전문연구요원 특례 가능),(주)인텔리빅스,서울,http://www.saramin.co.kr/zf_user/jobs/relay/view?view_type=search&rec_idx=38091264&location=ts&searchword=%ED%8C%8C%EC%9D%B4%EC%8D%AC&searchType=search&paid_fl=n
서울아산병원 정보의학과 유전체 빅데이터 연구원 모집,서울아산병원 심혈관 의생명공학 연구실,서울,http://www.saramin.co.kr/zf_user/jobs/relay/view?view_type=search&rec_idx=37930412&location=ts&searchword=%ED%8C%8C%EC%9D%B4%EC%8D%AC&searchType=search&paid_fl=n
(주)NDSOFT 2020년도 개발자 채용,주식회사 엔디소프트,부산,http://www.saramin.co.kr/zf_user/jobs/relay/view?view_type=search&rec_idx=38055589&location=ts&searchword=%ED%8C%8C%EC%9D%B4%EC%8D%AC&searchType=search&paid_fl=n
"(주)소울소프트 백엔드, 모바일 개발자, 보안전문가 채용",(주)소울소프트,서울,http://www.saramin.co.kr/zf_user/jobs/relay/view?view_type=search&rec_idx=38088105&location=ts&searchword=%ED%8C%8C%EC%9D%B4%EC%8D%AC&searchType=search&paid_fl=n
"[서버프로그래밍] 개발자 모집 (C++, JAVA)",(주)케이티아이씨티,경기,http://www.saramin.co.kr/zf_user/jobs/relay/view?view_type=search&rec_idx=37993875&location=ts&searchword=%ED%8C%8C%EC%9D%B4%EC%8D%AC&searchType=search&paid_fl=n
(웹& 어플리케이션& 서버& AI& 게임& 디자인) 개발자 모집,(주)세미콜론즈,부산,http://www.saramin.co.kr/zf_user/jobs/relay/view?view_type=search&rec_idx=38041045&location=ts&searchword=%ED%8C%8C%EC%9D%B4%EC%8D%AC&searchType=search&paid_fl=n
웹개발 정규직 모집 (프론트엔드 & 백엔드),(주)네피리티,서울,http://www.saramin.co.kr/zf_user/jobs/relay/view?view_type=search&rec_idx=38080508&location=ts&searchword=%ED%8C%8C%EC%9D%B4%EC%8D%AC&searchType=search&paid_fl=n
[부산] 원데이클래스 어플 개발자 채용,메시아,부산,http://www.saramin.co.kr/zf_user/jobs/relay/view?view_type=search&rec_idx=38069641&location=ts&searchword=%ED%8C%8C%EC%9D%B4%EC%8D%AC&searchType=search&paid_fl=n
RPA 부문 SM/SI 개발자 채용,(주)아임잇,서울,http://www.saramin.co.kr/zf_user/jobs/relay/view?view_type=search&rec_idx=38092455&location=ts&searchword=%ED%8C%8C%EC%9D%B4%EC%8D%AC&searchType=search&paid_fl=n
[여의도] 한국기업데이터(자체직) 빅데이터 사업수행 경력 채용,에이스휴먼파워(주),서울,http://www.saramin.co.kr/zf_user/jobs/relay/view?view_type=search&rec_idx=38085980&location=ts&searchword=%ED%8C%8C%EC%9D%B4%EC%8D%AC&searchType=search&paid_fl=n
[국비/노동부지원100%무료IT취업과정]JAVA/자바개발자 취업과정,(주)한국소프트웨어아이엔씨,서울,http://www.saramin.co.kr/zf_user/jobs/relay/view?view_type=search&rec_idx=38024596&location=ts&searchword=%ED%8C%8C%EC%9D%B4%EC%8D%AC&searchType=search&paid_fl=n
[하나금융TI] 금융IT 경력사원 모집,㈜하나금융티아이,인천전체,http://www.saramin.co.kr/zf_user/jobs/relay/view?view_type=search&rec_idx=38097766&location=ts&searchword=%ED%8C%8C%EC%9D%B4%EC%8D%AC&searchType=search&paid_fl=n
"연구소 우수인재 모집(SW,HW,FW,AI,영상처리,기구설계,영상개선)",(주)제노레이,경기,http://www.saramin.co.kr/zf_user/jobs/relay/view?view_type=search&rec_idx=37999205&location=ts&searchword=%ED%8C%8C%EC%9D%B4%EC%8D%AC&searchType=search&paid_fl=n
인공지능 데이터 유통영업 및 개발자 채용,(주)씨이랩,서울,http://www.saramin.co.kr/zf_user/jobs/relay/view?view_type=search&rec_idx=38040867&location=ts&searchword=%ED%8C%8C%EC%9D%B4%EC%8D%AC&searchType=search&paid_fl=n
[NHN다이퀘스트] java 솔루션 개발자 모집,(주)엔에이치엔다이퀘스트,서울,http://www.saramin.co.kr/zf_user/jobs/relay/view?view_type=search&rec_idx=38055812&location=ts&searchword=%ED%8C%8C%EC%9D%B4%EC%8D%AC&searchType=search&paid_fl=n
아이나비 내비게이션 전자지도 S/W 개발자 모집,주식회사 아이나비시스템즈,경기,http://www.saramin.co.kr/zf_user/jobs/relay/view?view_type=search&rec_idx=38008582&location=ts&searchword=%ED%8C%8C%EC%9D%B4%EC%8D%AC&searchType=search&paid_fl=n
[메가존클라우드] 2020년 상반기 Commercial Tech 부문 채용,메가존(주),서울,http://www.saramin.co.kr/zf_user/jobs/relay/view?view_type=search&rec_idx=37749738&location=ts&searchword=%ED%8C%8C%EC%9D%B4%EC%8D%AC&searchType=search&paid_fl=n
각 부문 신입 및 경력직 채용,㈜푸드테크,서울,http://www.saramin.co.kr/zf_user/jobs/relay/view?view_type=search&rec_idx=38095538&location=ts&searchword=%ED%8C%8C%EC%9D%B4%EC%8D%AC&searchType=search&paid_fl=n
웹개발 경력자 모집합니다.,디노플러스(주),서울,http://www.saramin.co.kr/zf_user/jobs/relay/view?view_type=search&rec_idx=38092386&location=ts&searchword=%ED%8C%8C%EC%9D%B4%EC%8D%AC&searchType=search&paid_fl=n
AI 프로젝트 매니저 및 프로그래머 모집,(주)아크릴,서울,http://www.saramin.co.kr/zf_user/jobs/relay/view?view_type=search&rec_idx=38078515&location=ts&searchword=%ED%8C%8C%EC%9D%B4%EC%8D%AC&searchType=search&paid_fl=n
[정규직] 신입/경력 개발자 채용,(주)오픈메이트,서울,http://www.saramin.co.kr/zf_user/jobs/relay/view?view_type=search&rec_idx=38096674&location=ts&searchword=%ED%8C%8C%EC%9D%B4%EC%8D%AC&searchType=search&paid_fl=n
임상 빅데이터 통계 처리 및 분석 관련 연구원 모집합니다.,한림대학교산학협력단,서울,http://www.saramin.co.kr/zf_user/jobs/relay/view?view_type=search&rec_idx=37972579&location=ts&searchword=%ED%8C%8C%EC%9D%B4%EC%8D%AC&searchType=search&paid_fl=n
[국비무료 취업교육] JAVA 응용SW&웹개발자 및 웹디자이너&웹퍼블리셔 양성 과정 연수생 모집,(주)TIS정보기술교육센터,서울전체,http://www.saramin.co.kr/zf_user/jobs/relay/view?view_type=search&rec_idx=38054927&location=ts&searchword=%ED%8C%8C%EC%9D%B4%EC%8D%AC&searchType=search&paid_fl=n
숙명여대 인공지능 연구실 대학원생/연구원 (등록금전액+월급),숙명여자대학교산학협력단,서울,http://www.saramin.co.kr/zf_user/jobs/relay/view?view_type=search&rec_idx=38002401&location=ts&searchword=%ED%8C%8C%EC%9D%B4%EC%8D%AC&searchType=search&paid_fl=n
서울아산병원 심혈관 의생명공학 연구실 연구원 모집,서울아산병원 심혈관 의생명공학 연구실,서울,http://www.saramin.co.kr/zf_user/jobs/relay/view?view_type=search&rec_idx=37934965&location=ts&searchword=%ED%8C%8C%EC%9D%B4%EC%8D%AC&searchType=search&paid_fl=n
데이터 ETL 및 분석 부문 담당자 모집합니다,경기대학교산학협력단,경기,http://www.saramin.co.kr/zf_user/jobs/relay/view?view_type=search&rec_idx=38092718&location=ts&searchword=%ED%8C%8C%EC%9D%B4%EC%8D%AC&searchType=search&paid_fl=n
[GC녹십자지놈]  BI팀 팀원 모집,녹십자지놈,경기,http://www.saramin.co.kr/zf_user/jobs/relay/view?view_type=search&rec_idx=38078983&location=ts&searchword=%ED%8C%8C%EC%9D%B4%EC%8D%AC&searchType=search&paid_fl=n
[바이애틱] IT 개발 직군 채용,(주)바이애틱,경기,http://www.saramin.co.kr/zf_user/jobs/relay/view?view_type=search&rec_idx=38064419&location=ts&searchword=%ED%8C%8C%EC%9D%B4%EC%8D%AC&searchType=search&paid_fl=n
[삼성동] AI 기반 의료 영상처리 기술 개발자 모집,(주)실리콘사피엔스,서울,http://www.saramin.co.kr/zf_user/jobs/relay/view?view_type=search&rec_idx=38092619&location=ts&searchword=%ED%8C%8C%EC%9D%B4%EC%8D%AC&searchType=search&paid_fl=n
[신입/경력] IT개발자 부문별 채용공고,㈜해커스교육그룹,서울,http://www.saramin.co.kr/zf_user/jobs/relay/view?view_type=search&rec_idx=37976263&location=ts&searchword=%ED%8C%8C%EC%9D%B4%EC%8D%AC&searchType=search&paid_fl=n
딥러닝 플랫폼 소프트웨어 개발자,(주)보고넷,서울,http://www.saramin.co.kr/zf_user/jobs/relay/view?view_type=search&rec_idx=38061042&location=ts&searchword=%ED%8C%8C%EC%9D%B4%EC%8D%AC&searchType=search&paid_fl=n
[(주)누베베 미병연구소] 빅데이터 분석 연구원 모집,(주)누베베,서울,http://www.saramin.co.kr/zf_user/jobs/relay/view?view_type=search&rec_idx=38028526&location=ts&searchword=%ED%8C%8C%EC%9D%B4%EC%8D%AC&searchType=search&paid_fl=n
"부산금융특구 SW개발자(백엔드,프론트엔드) 신입/경력 채용",스마트선박벤처기술,부산,http://www.saramin.co.kr/zf_user/jobs/relay/view?view_type=search&rec_idx=38081410&location=ts&searchword=%ED%8C%8C%EC%9D%B4%EC%8D%AC&searchType=search&paid_fl=n
"[정규직] 인공지능(AI) ML engineer, Data Scientist 채용",(주)마인즈앤컴퍼니,서울,http://www.saramin.co.kr/zf_user/jobs/relay/view?view_type=search&rec_idx=37980755&location=ts&searchword=%ED%8C%8C%EC%9D%B4%EC%8D%AC&searchType=search&paid_fl=n
넥스트코어와 함께 성장할 웹 개발자를 모십니다,(주)넥스트코어테크놀로지,서울,http://www.saramin.co.kr/zf_user/jobs/relay/view?view_type=search&rec_idx=38066925&location=ts&searchword=%ED%8C%8C%EC%9D%B4%EC%8D%AC&searchType=search&paid_fl=n
각 부문별 개발자 정규직&계약직 채용,(주)브릭,경기,http://www.saramin.co.kr/zf_user/jobs/relay/view?view_type=search&rec_idx=38076774&location=ts&searchword=%ED%8C%8C%EC%9D%B4%EC%8D%AC&searchType=search&paid_fl=n
[애자일소다] 빅데이터 & AI 분석/개발 신입 모집,(주)애자일소다,서울,http://www.saramin.co.kr/zf_user/jobs/relay/view?view_type=search&rec_idx=38056481&location=ts&searchword=%ED%8C%8C%EC%9D%B4%EC%8D%AC&searchType=search&paid_fl=n
"[뷰노] 2020년 부문별 공개채용 (머신러닝, SW개발 외)",(주)뷰노,서울,http://www.saramin.co.kr/zf_user/jobs/relay/view?view_type=search&rec_idx=37989421&location=ts&searchword=%ED%8C%8C%EC%9D%B4%EC%8D%AC&searchType=search&paid_fl=n
Bio-IT 융합 연구소 AI 연구원 채용,(주)넷타겟,대전,http://www.saramin.co.kr/zf_user/jobs/relay/view?view_type=search&rec_idx=38017617&location=ts&searchword=%ED%8C%8C%EC%9D%B4%EC%8D%AC&searchType=search&paid_fl=n
빅데이터·인공지능·IoT 무료 취업교육 모집!,(사)스마트미디어인재개발원,광주,http://www.saramin.co.kr/zf_user/jobs/relay/view?view_type=search&rec_idx=38024536&location=ts&searchword=%ED%8C%8C%EC%9D%B4%EC%8D%AC&searchType=search&paid_fl=n
[마켓잇] Data Scientist .JR 채용,주식회사 마켓잇,서울,http://www.saramin.co.kr/zf_user/jobs/relay/view?view_type=search&rec_idx=37958405&location=ts&searchword=%ED%8C%8C%EC%9D%B4%EC%8D%AC&searchType=search&paid_fl=n
"[경력/4천이상] 주얼리 커머스 앱 개발자(android, ios)",(주)비주얼,서울,http://www.saramin.co.kr/zf_user/jobs/relay/view?view_type=search&rec_idx=38089459&location=ts&searchword=%ED%8C%8C%EC%9D%B4%EC%8D%AC&searchType=search&paid_fl=n
2020 상반기 인공지능(AI)/빅데이터/응용프로그래머 채용공고,(주)카이어,서울,http://www.saramin.co.kr/zf_user/jobs/relay/view?view_type=search&rec_idx=38040467&location=ts&searchword=%ED%8C%8C%EC%9D%B4%EC%8D%AC&searchType=search&paid_fl=n
서울대학교 AI연구원 인턴 채용 공고,서울대학교 AI연구원,서울,http://www.saramin.co.kr/zf_user/jobs/relay/view?view_type=search&rec_idx=37997784&location=ts&searchword=%ED%8C%8C%EC%9D%B4%EC%8D%AC&searchType=search&paid_fl=n
웹개발자/IT보안마케팅/AI개발 경력자 모집,(주)소테리아,서울,http://www.saramin.co.kr/zf_user/jobs/relay/view?view_type=search&rec_idx=38093223&location=ts&searchword=%ED%8C%8C%EC%9D%B4%EC%8D%AC&searchType=search&paid_fl=n
클라우드 및 시스템 엔지니어 신입/경력(청년내일채움공제 가능),디딤365 주식회사,서울,http://www.saramin.co.kr/zf_user/jobs/relay/view?view_type=search&rec_idx=37931367&location=ts&searchword=%ED%8C%8C%EC%9D%B4%EC%8D%AC&searchType=search&paid_fl=n
[인공지능 보안솔루션] 딥러닝아키텍쳐 / AI 개발자 모집,(주)컴트루테크놀로지,서울,http://www.saramin.co.kr/zf_user/jobs/relay/view?view_type=search&rec_idx=38090166&location=ts&searchword=%ED%8C%8C%EC%9D%B4%EC%8D%AC&searchType=search&paid_fl=n
"[AI 보안솔루션] 병역특례(보충역) Web개발, 응용개발, AI개발",(주)컴트루테크놀로지,서울,http://www.saramin.co.kr/zf_user/jobs/relay/view?view_type=search&rec_idx=38090148&location=ts&searchword=%ED%8C%8C%EC%9D%B4%EC%8D%AC&searchType=search&paid_fl=n
2020 상반기 데일리블록체인 공개 채용,(주)데일리블록체인,경기,http://www.saramin.co.kr/zf_user/jobs/relay/view?view_type=search&rec_idx=38051328&location=ts&searchword=%ED%8C%8C%EC%9D%B4%EC%8D%AC&searchType=search&paid_fl=n
[카카오페이] 인프라 직군 영입,(주)카카오페이,경기,http://www.saramin.co.kr/zf_user/jobs/relay/view?view_type=search&rec_idx=38042493&location=ts&searchword=%ED%8C%8C%EC%9D%B4%EC%8D%AC&searchType=search&paid_fl=n
Backend 개발자(5년차 이상) 채용,(주)공팔리터,서울,http://www.saramin.co.kr/zf_user/jobs/relay/view?view_type=search&rec_idx=38049231&location=ts&searchword=%ED%8C%8C%EC%9D%B4%EC%8D%AC&searchType=search&paid_fl=n
카카오VX 인프라보안 (정보보안/기술보안) 담당자 채용,(주)카카오VX,경기,http://www.saramin.co.kr/zf_user/jobs/relay/view?view_type=search&rec_idx=37987635&location=ts&searchword=%ED%8C%8C%EC%9D%B4%EC%8D%AC&searchType=search&paid_fl=n
[하림그룹/NS홈쇼핑 자회사] 글라이드IT개발자 신입및경력 채용,(주)글라이드,경기,http://www.saramin.co.kr/zf_user/jobs/relay/view?view_type=search&rec_idx=38093397&location=ts&searchword=%ED%8C%8C%EC%9D%B4%EC%8D%AC&searchType=search&paid_fl=n
[JOYCITY] 게임개발 병역특례 전문연구요원 모집(신규편입/전직),조이시티,경기,http://www.saramin.co.kr/zf_user/jobs/relay/view?view_type=search&rec_idx=38041777&location=ts&searchword=%ED%8C%8C%EC%9D%B4%EC%8D%AC&searchType=search&paid_fl=n
(주)파트론 SW 개발 엔지니어 채용(RF모듈/카메라모듈/센서),(주)파트론,경기,http://www.saramin.co.kr/zf_user/jobs/relay/view?view_type=search&rec_idx=37908373&location=ts&searchword=%ED%8C%8C%EC%9D%B4%EC%8D%AC&searchType=search&paid_fl=n
플랫폼 서비스 iOS 개발 경력사원 모집,㈜다날,경기,http://www.saramin.co.kr/zf_user/jobs/relay/view?view_type=search&rec_idx=38091141&location=ts&searchword=%ED%8C%8C%EC%9D%B4%EC%8D%AC&searchType=search&paid_fl=n
Ericsson-LG Enterprise 경력 개발자 채용 (추가 모집),에릭슨엘지(주),서울,http://www.saramin.co.kr/zf_user/jobs/relay/view?view_type=search&rec_idx=38082557&location=ts&searchword=%ED%8C%8C%EC%9D%B4%EC%8D%AC&searchType=search&paid_fl=n
[한국야쿠르트계열사] 웹프로그래머 경력 채용,(주)NE능률,서울,http://www.saramin.co.kr/zf_user/jobs/relay/view?view_type=search&rec_idx=38051273&location=ts&searchword=%ED%8C%8C%EC%9D%B4%EC%8D%AC&searchType=search&paid_fl=n
F&F 디지털트랜스포메이션팀 데이터 엔지니어 및 분석가(신입),(주)에프엔에프,서울,http://www.saramin.co.kr/zf_user/jobs/relay/view?view_type=search&rec_idx=38095435&location=ts&searchword=%ED%8C%8C%EC%9D%B4%EC%8D%AC&searchType=search&paid_fl=n
[넥슨코리아] 정산 및 재무서비스 개발자 모집,(주)넥슨,경기,http://www.saramin.co.kr/zf_user/jobs/relay/view?view_type=search&rec_idx=38059895&location=ts&searchword=%ED%8C%8C%EC%9D%B4%EC%8D%AC&searchType=search&paid_fl=n
신성델타테크(주) IT운영팀 신입/경력사원 채용,신성델타테크(주),경남,http://www.saramin.co.kr/zf_user/jobs/relay/view?view_type=search&rec_idx=37961695&location=ts&searchword=%ED%8C%8C%EC%9D%B4%EC%8D%AC&searchType=search&paid_fl=n
아이나비 ADAS 영상처리 알고리즘 개발자 신입 및 경력 모집,팅크웨어(주),경기,http://www.saramin.co.kr/zf_user/jobs/relay/view?view_type=search&rec_idx=38077318&location=ts&searchword=%ED%8C%8C%EC%9D%B4%EC%8D%AC&searchType=search&paid_fl=n
[티맥스그룹] R&D/기술지원/경영지원/영업 부문별 채용,(주)티맥스소프트,경기,http://www.saramin.co.kr/zf_user/jobs/relay/view?view_type=search&rec_idx=38014301&location=ts&searchword=%ED%8C%8C%EC%9D%B4%EC%8D%AC&searchType=search&paid_fl=n
[서울기술연구소] 딥러닝 신입/경력 직원 모집,(주)에이치비테크놀러지,서울,http://www.saramin.co.kr/zf_user/jobs/relay/view?view_type=search&rec_idx=38039633&location=ts&searchword=%ED%8C%8C%EC%9D%B4%EC%8D%AC&searchType=search&paid_fl=n
"한국네트웍스 경력 인재 채용(시스템개발, 네트워크)",(주)한국네트웍스,서울,http://www.saramin.co.kr/zf_user/jobs/relay/view?view_type=search&rec_idx=37959398&location=ts&searchword=%ED%8C%8C%EC%9D%B4%EC%8D%AC&searchType=search&paid_fl=n
[강남본사] IT개발 및 운영 경력직 채용,성원아이북랜드,서울,http://www.saramin.co.kr/zf_user/jobs/relay/view?view_type=search&rec_idx=38090357&location=ts&searchword=%ED%8C%8C%EC%9D%B4%EC%8D%AC&searchType=search&paid_fl=n
[ YG엔터테인먼트 ] 정보관리 경력 (IT시스템 개발),(주) YG엔터테인먼트,서울,http://www.saramin.co.kr/zf_user/jobs/relay/view?view_type=search&rec_idx=38047590&location=ts&searchword=%ED%8C%8C%EC%9D%B4%EC%8D%AC&searchType=search&paid_fl=n
[코스닥 상장사] 하드웨어/소프트웨어 개발자 모집,(주)칩스앤미디어,서울,http://www.saramin.co.kr/zf_user/jobs/relay/view?view_type=search&rec_idx=38083706&location=ts&searchword=%ED%8C%8C%EC%9D%B4%EC%8D%AC&searchType=search&paid_fl=n
MKS Korea 대전사업장 경력직 Applications Engineer 모집,MKS Korea,대전,http://www.saramin.co.kr/zf_user/jobs/relay/view?view_type=search&rec_idx=38081452&location=ts&searchword=%ED%8C%8C%EC%9D%B4%EC%8D%AC&searchType=search&paid_fl=n
Android앱개발 정규직 채용공고,(주)다이얼커뮤니케이션즈,서울,http://www.saramin.co.kr/zf_user/jobs/relay/view?view_type=search&rec_idx=38092759&location=ts&searchword=%ED%8C%8C%EC%9D%B4%EC%8D%AC&searchType=search&paid_fl=n
[판교] 시스템 엔지니어 정규직 채용,(주)엠티데이타,경기,http://www.saramin.co.kr/zf_user/jobs/relay/view?view_type=search&rec_idx=38022398&location=ts&searchword=%ED%8C%8C%EC%9D%B4%EC%8D%AC&searchType=search&paid_fl=n
[솔루션개발팀] JAVA 및 PHP 웹개발자 채용,(주)캐럿글로벌,서울,http://www.saramin.co.kr/zf_user/jobs/relay/view?view_type=search&rec_idx=38060721&location=ts&searchword=%ED%8C%8C%EC%9D%B4%EC%8D%AC&searchType=search&paid_fl=n
[프렌즈게임즈] 개발/디자인직군 영입,㈜카카오게임즈,경기전체,http://www.saramin.co.kr/zf_user/jobs/relay/view?view_type=search&rec_idx=37982667&location=ts&searchword=%ED%8C%8C%EC%9D%B4%EC%8D%AC&searchType=search&paid_fl=n
빗썸 IT 전문인력 채용,(주)빗썸코리아,서울,http://www.saramin.co.kr/zf_user/jobs/relay/view?view_type=search&rec_idx=38061556&location=ts&searchword=%ED%8C%8C%EC%9D%B4%EC%8D%AC&searchType=search&paid_fl=n
웹개발/Java/Angular/Javascript/백엔드/프론트엔드 신입/경력,이파피루스,경기,http://www.saramin.co.kr/zf_user/jobs/relay/view?view_type=search&rec_idx=37983184&location=ts&searchword=%ED%8C%8C%EC%9D%B4%EC%8D%AC&searchType=search&paid_fl=n
2020년 타이아(주) 신입/경력 채용 모집,타이아(주),광주,http://www.saramin.co.kr/zf_user/jobs/relay/view?view_type=search&rec_idx=37985360&location=ts&searchword=%ED%8C%8C%EC%9D%B4%EC%8D%AC&searchType=search&paid_fl=n
Web 개발자를 모십니다. ( Back-End),(주)리더스텍,서울,http://www.saramin.co.kr/zf_user/jobs/relay/view?view_type=search&rec_idx=38060299&location=ts&searchword=%ED%8C%8C%EC%9D%B4%EC%8D%AC&searchType=search&paid_fl=n
[메가존] 정보보호 및 개인정보보호 담당자 (신입/경력),메가존(주),서울,http://www.saramin.co.kr/zf_user/jobs/relay/view?view_type=search&rec_idx=37962171&location=ts&searchword=%ED%8C%8C%EC%9D%B4%EC%8D%AC&searchType=search&paid_fl=n
LP팀-개발자 모집 (신입),미디어젠㈜,경기,http://www.saramin.co.kr/zf_user/jobs/relay/view?view_type=search&rec_idx=38082992&location=ts&searchword=%ED%8C%8C%EC%9D%B4%EC%8D%AC&searchType=search&paid_fl=n
"정보통신·IT·수학, 연구·실험·기술 정규직 채용",(주)NSHC,서울,http://www.saramin.co.kr/zf_user/jobs/relay/view?view_type=search&rec_idx=38054297&location=ts&searchword=%ED%8C%8C%EC%9D%B4%EC%8D%AC&searchType=search&paid_fl=n
한양대학교 산학협력단 연구원 채용(기간제),한양대학교산학협력단,서울,http://www.saramin.co.kr/zf_user/jobs/relay/view?view_type=search&rec_idx=37965398&location=ts&searchword=%ED%8C%8C%EC%9D%B4%EC%8D%AC&searchType=search&paid_fl=n
(주) 스튜디오미르 2020년 상반기 공개채용 모집 - 3D 파트,(주)스튜디오미르,서울,http://www.saramin.co.kr/zf_user/jobs/relay/view?view_type=search&rec_idx=38044200&location=ts&searchword=%ED%8C%8C%EC%9D%B4%EC%8D%AC&searchType=search&paid_fl=n
(주)에코앤컴퍼니 SW개발자 인턴직 모집,(주)에코앤컴퍼니,서울,http://www.saramin.co.kr/zf_user/jobs/relay/view?view_type=search&rec_idx=38089846&location=ts&searchword=%ED%8C%8C%EC%9D%B4%EC%8D%AC&searchType=search&paid_fl=n
[펑타이코리아] 2020년 상반기 경력직 채용 공고,펑타이그레이터차이나(유),서울,http://www.saramin.co.kr/zf_user/jobs/relay/view?view_type=search&rec_idx=38072691&location=ts&searchword=%ED%8C%8C%EC%9D%B4%EC%8D%AC&searchType=search&paid_fl=n
㈜유노믹  연구기획 / S/W 개발자 (정규직) 채용공고,(주)유노믹,부산,http://www.saramin.co.kr/zf_user/jobs/relay/view?view_type=search&rec_idx=38010104&location=ts&searchword=%ED%8C%8C%EC%9D%B4%EC%8D%AC&searchType=search&paid_fl=n
[글로벌 웹툰 플랫폼] 상반기 개발본부 각 부문별 채용,(주)크로스코믹스,서울,http://www.saramin.co.kr/zf_user/jobs/relay/view?view_type=search&rec_idx=37937491&location=ts&searchword=%ED%8C%8C%EC%9D%B4%EC%8D%AC&searchType=search&paid_fl=n
"쥬비스그룹 JAVA/SPRING,  PHP 개발자 채용",(주)쥬비스다이어트,서울,http://www.saramin.co.kr/zf_user/jobs/relay/view?view_type=search&rec_idx=37979182&location=ts&searchword=%ED%8C%8C%EC%9D%B4%EC%8D%AC&searchType=search&paid_fl=n
자바/넥사크로 개발자 모집(정규직),세연아이넷(주),서울,http://www.saramin.co.kr/zf_user/jobs/relay/view?view_type=search&rec_idx=38057454&location=ts&searchword=%ED%8C%8C%EC%9D%B4%EC%8D%AC&searchType=search&paid_fl=n
[신입/경력] IT 개발자 부문별 채용공고,(주)아이비즈소프트웨어,서울,http://www.saramin.co.kr/zf_user/jobs/relay/view?view_type=search&rec_idx=38042272&location=ts&searchword=%ED%8C%8C%EC%9D%B4%EC%8D%AC&searchType=search&paid_fl=n
"(주)넷아이디 개발자, 영업사원 신입 및 경력 채용 모집",(주)넷아이디,서울,http://www.saramin.co.kr/zf_user/jobs/relay/view?view_type=search&rec_idx=38029906&location=ts&searchword=%ED%8C%8C%EC%9D%B4%EC%8D%AC&searchType=search&paid_fl=n
"Java 웹 & 어플리케이션 개발 정규직 모집(신입, 경력)",㈜인텔리코드,서울,http://www.saramin.co.kr/zf_user/jobs/relay/view?view_type=search&rec_idx=38068404&location=ts&searchword=%ED%8C%8C%EC%9D%B4%EC%8D%AC&searchType=search&paid_fl=n
시대인재 온라인 사업부 신입 및 경력 사원 채용,(주)하이컨시,서울,http://www.saramin.co.kr/zf_user/jobs/relay/view?view_type=search&rec_idx=37755031&location=ts&searchword=%ED%8C%8C%EC%9D%B4%EC%8D%AC&searchType=search&paid_fl=n
[정규직] 2020 상반기 소프트웨어 개발 신입/경력 사원 채용,(주)스카이시스,울산,http://www.saramin.co.kr/zf_user/jobs/relay/view?view_type=search&rec_idx=38091126&location=ts&searchword=%ED%8C%8C%EC%9D%B4%EC%8D%AC&searchType=search&paid_fl=n
LINE BIZ/Financial+ SW개발 경력직군 수시채용,라인비즈플러스(주),경기,http://www.saramin.co.kr/zf_user/jobs/relay/view?view_type=search&rec_idx=38072777&location=ts&searchword=%ED%8C%8C%EC%9D%B4%EC%8D%AC&searchType=search&paid_fl=n
"서버·네트워크·보안, 웹개발 외 1개 부문 담당자 채용",아콘소프트(주),서울,http://www.saramin.co.kr/zf_user/jobs/relay/view?view_type=search&rec_idx=38079518&location=ts&searchword=%ED%8C%8C%EC%9D%B4%EC%8D%AC&searchType=search&paid_fl=n
[리턴박스] 정규직 솔루션 개발팀 모집 공고,(주)리턴박스,부산,http://www.saramin.co.kr/zf_user/jobs/relay/view?view_type=search&rec_idx=38063620&location=ts&searchword=%ED%8C%8C%EC%9D%B4%EC%8D%AC&searchType=search&paid_fl=n
2020년 경력사원 모집(Web Front End 개발),주식회사 구하다,서울,http://www.saramin.co.kr/zf_user/jobs/relay/view?view_type=search&rec_idx=37895555&location=ts&searchword=%ED%8C%8C%EC%9D%B4%EC%8D%AC&searchType=search&paid_fl=n
[컨트롤웍스] 연구소 직원 채용,(주)컨트롤웍스,서울,http://www.saramin.co.kr/zf_user/jobs/relay/view?view_type=search&rec_idx=38055305&location=ts&searchword=%ED%8C%8C%EC%9D%B4%EC%8D%AC&searchType=search&paid_fl=n
SoC사업본부 엔지니어 채용,에이직랜드,경기,http://www.saramin.co.kr/zf_user/jobs/relay/view?view_type=search&rec_idx=38090584&location=ts&searchword=%ED%8C%8C%EC%9D%B4%EC%8D%AC&searchType=search&paid_fl=n
[티피엠엔] 데이터 분석 직군 모집 (신입/경력),(주)티피엠엔,서울,http://www.saramin.co.kr/zf_user/jobs/relay/view?view_type=search&rec_idx=38084973&location=ts&searchword=%ED%8C%8C%EC%9D%B4%EC%8D%AC&searchType=search&paid_fl=n
"개발 각 부문 경력자 모집 (웹, IOS, Aandroid)",(주)캐시카우,광주,http://www.saramin.co.kr/zf_user/jobs/relay/view?view_type=search&rec_idx=38093426&location=ts&searchword=%ED%8C%8C%EC%9D%B4%EC%8D%AC&searchType=search&paid_fl=n
(주)로커스 분야별 모집 안내,(주)로커스,서울,http://www.saramin.co.kr/zf_user/jobs/relay/view?view_type=search&rec_idx=38051283&location=ts&searchword=%ED%8C%8C%EC%9D%B4%EC%8D%AC&searchType=search&paid_fl=n
2020년 상반기 R&D / QA / 기획관리 담당자 채용,에이치로보틱스(주),인천,http://www.saramin.co.kr/zf_user/jobs/relay/view?view_type=search&rec_idx=37962017&location=ts&searchword=%ED%8C%8C%EC%9D%B4%EC%8D%AC&searchType=search&paid_fl=n
2020 직업교육훈련 교육생 모집,영등포여성인력개발센터,서울,http://www.saramin.co.kr/zf_user/jobs/relay/view?view_type=search&rec_idx=37961968&location=ts&searchword=%ED%8C%8C%EC%9D%B4%EC%8D%AC&searchType=search&paid_fl=n
각 부문별 신입/경력직 채용공고,(주)엠그램,서울,http://www.saramin.co.kr/zf_user/jobs/relay/view?view_type=search&rec_idx=37613720&location=ts&searchword=%ED%8C%8C%EC%9D%B4%EC%8D%AC&searchType=search&paid_fl=n
(주)앱도 2020년 상반기 신입 신규 직원 채용 공고,(주)앱도,부산,http://www.saramin.co.kr/zf_user/jobs/relay/view?view_type=search&rec_idx=38074239&location=ts&searchword=%ED%8C%8C%EC%9D%B4%EC%8D%AC&searchType=search&paid_fl=n
"시스템 엔지니어, 보안 엔지니어, 게임 개발자 채용",(주)이스트게임즈,서울,http://www.saramin.co.kr/zf_user/jobs/relay/view?view_type=search&rec_idx=38026741&location=ts&searchword=%ED%8C%8C%EC%9D%B4%EC%8D%AC&searchType=search&paid_fl=n
웹/서버 SW 개발자 신입 (Legal Startup),주식회사 법틀,서울,http://www.saramin.co.kr/zf_user/jobs/relay/view?view_type=search&rec_idx=38070828&location=ts&searchword=%ED%8C%8C%EC%9D%B4%EC%8D%AC&searchType=search&paid_fl=n
[웹에이전시] 정규직 워드프레스 웹 퍼블리셔 채용 (신입/경력),주식회사 카레나인터랙티브,서울,http://www.saramin.co.kr/zf_user/jobs/relay/view?view_type=search&rec_idx=37919748&location=ts&searchword=%ED%8C%8C%EC%9D%B4%EC%8D%AC&searchType=search&paid_fl=n
[여기어때] 경영전략실 사업관리/전략기획 담당 채용(경력),(주)여기어때컴퍼니,서울,http://www.saramin.co.kr/zf_user/jobs/relay/view?view_type=search&rec_idx=37886577&location=ts&searchword=%ED%8C%8C%EC%9D%B4%EC%8D%AC&searchType=search&paid_fl=n
Web Front-end(프론트엔드) 엔지니어 채용,(주)빌드잇,경기,http://www.saramin.co.kr/zf_user/jobs/relay/view?view_type=search&rec_idx=37944122&location=ts&searchword=%ED%8C%8C%EC%9D%B4%EC%8D%AC&searchType=search&paid_fl=n
스튜디오이온㈜ 채용 공고(경력&신입),스튜디오이온(주),서울,http://www.saramin.co.kr/zf_user/jobs/relay/view?view_type=search&rec_idx=37965038&location=ts&searchword=%ED%8C%8C%EC%9D%B4%EC%8D%AC&searchType=search&paid_fl=n
[LATEST K] 프론트엔드 스타트업 개발자 인재 모집,(주)레이티스트케이,서울,http://www.saramin.co.kr/zf_user/jobs/relay/view?view_type=search&rec_idx=38036631&location=ts&searchword=%ED%8C%8C%EC%9D%B4%EC%8D%AC&searchType=search&paid_fl=n
웹 개발 / 디자인 경력자 '전문가 님' 모집 공고,영앤리주식회사,대구,http://www.saramin.co.kr/zf_user/jobs/relay/view?view_type=search&rec_idx=38081189&location=ts&searchword=%ED%8C%8C%EC%9D%B4%EC%8D%AC&searchType=search&paid_fl=n
Back end 개발자 정규직 채용,(주)데브툴즈,경기,http://www.saramin.co.kr/zf_user/jobs/relay/view?view_type=search&rec_idx=37935297&location=ts&searchword=%ED%8C%8C%EC%9D%B4%EC%8D%AC&searchType=search&paid_fl=n
[정규직] 소프트웨어 개발 경력사원을 모십니다.,(주)코더블,서울,http://www.saramin.co.kr/zf_user/jobs/relay/view?view_type=search&rec_idx=38092002&location=ts&searchword=%ED%8C%8C%EC%9D%B4%EC%8D%AC&searchType=search&paid_fl=n
[씨제스걸리버스튜디오] 각 분야별 신입 및 경력 사원모집,(주)씨제스걸리버스튜디오,경기,http://www.saramin.co.kr/zf_user/jobs/relay/view?view_type=search&rec_idx=38017120&location=ts&searchword=%ED%8C%8C%EC%9D%B4%EC%8D%AC&searchType=search&paid_fl=n
"[벤처기업][서울/김천] 웹 개발자, 웹 기획자, 웹 디자이너 채용",인플랩(주),서울,http://www.saramin.co.kr/zf_user/jobs/relay/view?view_type=search&rec_idx=38045088&location=ts&searchword=%ED%8C%8C%EC%9D%B4%EC%8D%AC&searchType=search&paid_fl=n
Node.js 개발자 신입/경력 정규직 채용,도미토리소프트,세종특별자치시,http://www.saramin.co.kr/zf_user/jobs/relay/view?view_type=search&rec_idx=38078778&location=ts&searchword=%ED%8C%8C%EC%9D%B4%EC%8D%AC&searchType=search&paid_fl=n
IT 개발부 총괄 (부장급),(주)뉴트리션코트,서울,http://www.saramin.co.kr/zf_user/jobs/relay/view?view_type=search&rec_idx=38071581&location=ts&searchword=%ED%8C%8C%EC%9D%B4%EC%8D%AC&searchType=search&paid_fl=n
웹프로그램 및 빅데이터 분석 엔지니어 모집,무진전자,경기,http://www.saramin.co.kr/zf_user/jobs/relay/view?view_type=search&rec_idx=38097317&location=ts&searchword=%ED%8C%8C%EC%9D%B4%EC%8D%AC&searchType=search&paid_fl=n
"[코리아IT아카데미대구]WEB/정보처리기사 강사, 국비담당자 모집",(주)코리아아이티아카데미대구,대구,http://www.saramin.co.kr/zf_user/jobs/relay/view?view_type=search&rec_idx=38078454&location=ts&searchword=%ED%8C%8C%EC%9D%B4%EC%8D%AC&searchType=search&paid_fl=n
"[알고리즘] 자율주행시스템 개발 신입, 경력 연구원 채용",이인텔리전스(주),서울,http://www.saramin.co.kr/zf_user/jobs/relay/view?view_type=search&rec_idx=38050213&location=ts&searchword=%ED%8C%8C%EC%9D%B4%EC%8D%AC&searchType=search&paid_fl=n
직군별 [셰프/영양사/경리/디자인/마케터/백엔드] 경력자 모셔염,잇마플(주),경기,http://www.saramin.co.kr/zf_user/jobs/relay/view?view_type=search&rec_idx=38052149&location=ts&searchword=%ED%8C%8C%EC%9D%B4%EC%8D%AC&searchType=search&paid_fl=n
(주)스타랩스 IT 각 분야별 경력 채용,주식회사 스타랩스,서울,http://www.saramin.co.kr/zf_user/jobs/relay/view?view_type=search&rec_idx=38035536&location=ts&searchword=%ED%8C%8C%EC%9D%B4%EC%8D%AC&searchType=search&paid_fl=n
"각 부문별 정규직  채용(Android, 디자이너, 퍼블리셔)",(주)에스와이소프트,경기,http://www.saramin.co.kr/zf_user/jobs/relay/view?view_type=search&rec_idx=37988484&location=ts&searchword=%ED%8C%8C%EC%9D%B4%EC%8D%AC&searchType=search&paid_fl=n
"데이터 베이스구축을위한 데이터 수집,활용 가능자",인프라퍼티 리서치,서울,http://www.saramin.co.kr/zf_user/jobs/relay/view?view_type=search&rec_idx=37965972&location=ts&searchword=%ED%8C%8C%EC%9D%B4%EC%8D%AC&searchType=search&paid_fl=n
Machine Vision/AI/Machine Learning/Deep learning,화랑,충남,http://www.saramin.co.kr/zf_user/jobs/relay/view?view_type=search&rec_idx=38085663&location=ts&searchword=%ED%8C%8C%EC%9D%B4%EC%8D%AC&searchType=search&paid_fl=n
2020 상반기 인공지능(AI)·빅데이터 경력직 모집,(주)아이알컴퍼니,부산,http://www.saramin.co.kr/zf_user/jobs/relay/view?view_type=search&rec_idx=38060116&location=ts&searchword=%ED%8C%8C%EC%9D%B4%EC%8D%AC&searchType=search&paid_fl=n
웹개발(HTML&Java·JSP&프론트엔드) 채용,(주)법정문서,서울,http://www.saramin.co.kr/zf_user/jobs/relay/view?view_type=search&rec_idx=37891303&location=ts&searchword=%ED%8C%8C%EC%9D%B4%EC%8D%AC&searchType=search&paid_fl=n
전문연구요원 경력무관 채용 공고(병역특례),(주)인스페이스,대전,http://www.saramin.co.kr/zf_user/jobs/relay/view?view_type=search&rec_idx=38052866&location=ts&searchword=%ED%8C%8C%EC%9D%B4%EC%8D%AC&searchType=search&paid_fl=n
"자연어 처리, 기계학습/Spark 관련 전문연구요원 모집",(주)광개토연구소,서울,http://www.saramin.co.kr/zf_user/jobs/relay/view?view_type=search&rec_idx=38084631&location=ts&searchword=%ED%8C%8C%EC%9D%B4%EC%8D%AC&searchType=search&paid_fl=n
(정규직) 기업부설연구소 연구원 채용 - 신입가능,(주)대은계전,제주,http://www.saramin.co.kr/zf_user/jobs/relay/view?view_type=search&rec_idx=37980552&location=ts&searchword=%ED%8C%8C%EC%9D%B4%EC%8D%AC&searchType=search&paid_fl=n
SW(소프트웨어) 계약직/기간제 채용(경력무관),동아대학교산학협력단,부산,http://www.saramin.co.kr/zf_user/jobs/relay/view?view_type=search&rec_idx=38015972&location=ts&searchword=%ED%8C%8C%EC%9D%B4%EC%8D%AC&searchType=search&paid_fl=n
개발자 신입/경력 사원 모집,(주)명성코퍼레이션,서울,http://www.saramin.co.kr/zf_user/jobs/relay/view?view_type=search&rec_idx=38014433&location=ts&searchword=%ED%8C%8C%EC%9D%B4%EC%8D%AC&searchType=search&paid_fl=n
"2020년 AI 연구/개발자 신입, 경력 모집",(주)펫나우,서울,http://www.saramin.co.kr/zf_user/jobs/relay/view?view_type=search&rec_idx=38076056&location=ts&searchword=%ED%8C%8C%EC%9D%B4%EC%8D%AC&searchType=search&paid_fl=n
연봉 1억이상 대우/ 백엔드 개발 경력직 채용,(주)리치빔,서울,http://www.saramin.co.kr/zf_user/jobs/relay/view?view_type=search&rec_idx=38028402&location=ts&searchword=%ED%8C%8C%EC%9D%B4%EC%8D%AC&searchType=search&paid_fl=n
"[정규직] 웹 개발자 (백/프론트 엔드, 리눅스, 자바스크립트)",(주)카이팜,서울,http://www.saramin.co.kr/zf_user/jobs/relay/view?view_type=search&rec_idx=38030936&location=ts&searchword=%ED%8C%8C%EC%9D%B4%EC%8D%AC&searchType=search&paid_fl=n
2020년 개발자/경영지원 모집 공고,(주)심시스글로벌,서울,http://www.saramin.co.kr/zf_user/jobs/relay/view?view_type=search&rec_idx=37891601&location=ts&searchword=%ED%8C%8C%EC%9D%B4%EC%8D%AC&searchType=search&paid_fl=n
2020년 상반기 분야별 개발자 모집,위즈메이드(주),부산,http://www.saramin.co.kr/zf_user/jobs/relay/view?view_type=search&rec_idx=38072112&location=ts&searchword=%ED%8C%8C%EC%9D%B4%EC%8D%AC&searchType=search&paid_fl=n
2020년 상반기 각 분야별 개발자 모집,위즈메이드(주),부산,http://www.saramin.co.kr/zf_user/jobs/relay/view?view_type=search&rec_idx=37854980&location=ts&searchword=%ED%8C%8C%EC%9D%B4%EC%8D%AC&searchType=search&paid_fl=n
(경력무관) 웹개발 정규직 모집,크레파스솔루션(주),서울,http://www.saramin.co.kr/zf_user/jobs/relay/view?view_type=search&rec_idx=38007678&location=ts&searchword=%ED%8C%8C%EC%9D%B4%EC%8D%AC&searchType=search&paid_fl=n
[국비/노동부지원100%무료IT취업과정]JAVA/자바개발자 취업과정,(주)한국소프트웨어아이엔씨,서울,http://www.saramin.co.kr/zf_user/jobs/relay/view?view_type=search&rec_idx=37843462&location=ts&searchword=%ED%8C%8C%EC%9D%B4%EC%8D%AC&searchType=search&paid_fl=n
[오픈소스컨설팅] 각 부문 엔지니어 채용(신입/경력),주식회사 오픈소스컨설팅,서울,http://www.saramin.co.kr/zf_user/jobs/relay/view?view_type=search&rec_idx=38075781&location=ts&searchword=%ED%8C%8C%EC%9D%B4%EC%8D%AC&searchType=search&paid_fl=n
[개발부문] 자연어처리 딥러닝 모형개발 정규직/계약직/프리랜서,(주)렉스퍼,서울,http://www.saramin.co.kr/zf_user/jobs/relay/view?view_type=search&rec_idx=37888672&location=ts&searchword=%ED%8C%8C%EC%9D%B4%EC%8D%AC&searchType=search&paid_fl=n
[광고사업부 매드잇] 마케팅 데이터 분석가 채용,매드업,서울,http://www.saramin.co.kr/zf_user/jobs/relay/view?view_type=search&rec_idx=38070539&location=ts&searchword=%ED%8C%8C%EC%9D%B4%EC%8D%AC&searchType=search&paid_fl=n
비츠로그룹 경력직(정보분석팀) 모집,(주)비츠로테크,서울,http://www.saramin.co.kr/zf_user/jobs/relay/view?view_type=search&rec_idx=38012715&location=ts&searchword=%ED%8C%8C%EC%9D%B4%EC%8D%AC&searchType=search&paid_fl=n
[(주)토니모리] 데이터개발자 경력직 채용,(주)토니모리,서울,http://www.saramin.co.kr/zf_user/jobs/relay/view?view_type=search&rec_idx=38005292&location=ts&searchword=%ED%8C%8C%EC%9D%B4%EC%8D%AC&searchType=search&paid_fl=n
AI 사업본부 연구원/엔지니어 경력직 채용,(주)엠로,서울,http://www.saramin.co.kr/zf_user/jobs/relay/view?view_type=search&rec_idx=38026289&location=ts&searchword=%ED%8C%8C%EC%9D%B4%EC%8D%AC&searchType=search&paid_fl=n
[야놀자] SOS유닛 HS실 데이터 분석가,(주)야놀자,서울,http://www.saramin.co.kr/zf_user/jobs/relay/view?view_type=search&rec_idx=38064810&location=ts&searchword=%ED%8C%8C%EC%9D%B4%EC%8D%AC&searchType=search&paid_fl=n
지니언스(주) - [엔드포인트보안연구개발실] 개발자 모집,지니언스(주),경기,http://www.saramin.co.kr/zf_user/jobs/relay/view?view_type=search&rec_idx=38047623&location=ts&searchword=%ED%8C%8C%EC%9D%B4%EC%8D%AC&searchType=search&paid_fl=n
"응용프로그래머 및 머신비전, 알고리즘, 영상처리, AI 개발자",(주)펨트론,서울,http://www.saramin.co.kr/zf_user/jobs/relay/view?view_type=search&rec_idx=38052209&location=ts&searchword=%ED%8C%8C%EC%9D%B4%EC%8D%AC&searchType=search&paid_fl=n
[NHN다이퀘스트] 검색서비스 구축 및 WEB 개발자 모집,(주)엔에이치엔다이퀘스트,서울,http://www.saramin.co.kr/zf_user/jobs/relay/view?view_type=search&rec_idx=38055739&location=ts&searchword=%ED%8C%8C%EC%9D%B4%EC%8D%AC&searchType=search&paid_fl=n
"기업부설연구소 (응용프로그래머, 영상처리, AI) 전문연구요원",(주)펨트론,서울,http://www.saramin.co.kr/zf_user/jobs/relay/view?view_type=search&rec_idx=38052217&location=ts&searchword=%ED%8C%8C%EC%9D%B4%EC%8D%AC&searchType=search&paid_fl=n
"연구소 S/W, H/W 개발자 모집[정규직/병역특례]",㈜엔티렉스,인천,http://www.saramin.co.kr/zf_user/jobs/relay/view?view_type=search&rec_idx=38002107&location=ts&searchword=%ED%8C%8C%EC%9D%B4%EC%8D%AC&searchType=search&paid_fl=n
"(경력)웹기반 데이터 수집, 운영 및 관리 개발 담당자 채용",㈜다음소프트,서울,http://www.saramin.co.kr/zf_user/jobs/relay/view?view_type=search&rec_idx=38054532&location=ts&searchword=%ED%8C%8C%EC%9D%B4%EC%8D%AC&searchType=search&paid_fl=n
"Data Scientist (교통 및 산업 데이터 분석, 데이터 Biz 모델 발",네이버시스템(주),서울,http://www.saramin.co.kr/zf_user/jobs/relay/view?view_type=search&rec_idx=37896731&location=ts&searchword=%ED%8C%8C%EC%9D%B4%EC%8D%AC&searchType=search&paid_fl=n
AI 개발자 경력무관 채용(정규직),(주)산엔지니어링,경기,http://www.saramin.co.kr/zf_user/jobs/relay/view?view_type=search&rec_idx=37963997&location=ts&searchword=%ED%8C%8C%EC%9D%B4%EC%8D%AC&searchType=search&paid_fl=n
[메가존클라우드] 2020년 상반기 Cloud MSP 부문 채용,메가존(주),서울,http://www.saramin.co.kr/zf_user/jobs/relay/view?view_type=search&rec_idx=37747751&location=ts&searchword=%ED%8C%8C%EC%9D%B4%EC%8D%AC&searchType=search&paid_fl=n
CAE 엔지니어 정규직 모집,한국이에스아이(주),서울,http://www.saramin.co.kr/zf_user/jobs/relay/view?view_type=search&rec_idx=37901608&location=ts&searchword=%ED%8C%8C%EC%9D%B4%EC%8D%AC&searchType=search&paid_fl=n
기술연구소 연구원 채용 (병력특례 가능),포미트,부산,http://www.saramin.co.kr/zf_user/jobs/relay/view?view_type=search&rec_idx=37989084&location=ts&searchword=%ED%8C%8C%EC%9D%B4%EC%8D%AC&searchType=search&paid_fl=n
"통계/머신러닝/AI 연구, 임베디드(MCU) 하드웨어/펌웨어 개발",이파피루스,경기,http://www.saramin.co.kr/zf_user/jobs/relay/view?view_type=search&rec_idx=37893888&location=ts&searchword=%ED%8C%8C%EC%9D%B4%EC%8D%AC&searchType=search&paid_fl=n
AI 기반 업무자동화(RPA) 구현 신입 개발자 채용,한국스코어링(주),서울,http://www.saramin.co.kr/zf_user/jobs/relay/view?view_type=search&rec_idx=38050142&location=ts&searchword=%ED%8C%8C%EC%9D%B4%EC%8D%AC&searchType=search&paid_fl=n
데이터 분석가 경력가 채용,(주)오픈메이트,서울,http://www.saramin.co.kr/zf_user/jobs/relay/view?view_type=search&rec_idx=37970308&location=ts&searchword=%ED%8C%8C%EC%9D%B4%EC%8D%AC&searchType=search&paid_fl=n
개발팀(기술연구소) 채용,(주)유니콤넷,서울,http://www.saramin.co.kr/zf_user/jobs/relay/view?view_type=search&rec_idx=38084503&location=ts&searchword=%ED%8C%8C%EC%9D%B4%EC%8D%AC&searchType=search&paid_fl=n
[이노그리드] 클라우드 솔루션 개발 경력자 채용,(주)이노그리드,서울,http://www.saramin.co.kr/zf_user/jobs/relay/view?view_type=search&rec_idx=38047763&location=ts&searchword=%ED%8C%8C%EC%9D%B4%EC%8D%AC&searchType=search&paid_fl=n
[이노그리드] 클라우드 솔루션 기술지원 채용,(주)이노그리드,서울,http://www.saramin.co.kr/zf_user/jobs/relay/view?view_type=search&rec_idx=38062821&location=ts&searchword=%ED%8C%8C%EC%9D%B4%EC%8D%AC&searchType=search&paid_fl=n
[신입/경력] 영상 솔루션 및 딥러닝 소프트웨어 연구개발,(주)누리콘,경기,http://www.saramin.co.kr/zf_user/jobs/relay/view?view_type=search&rec_idx=38062343&location=ts&searchword=%ED%8C%8C%EC%9D%B4%EC%8D%AC&searchType=search&paid_fl=n
"[JLK] 프론트엔드, 백앤드, 풀스택 개발자 채용",(주)제이엘케이인스펙션,서울,http://www.saramin.co.kr/zf_user/jobs/relay/view?view_type=search&rec_idx=38069114&location=ts&searchword=%ED%8C%8C%EC%9D%B4%EC%8D%AC&searchType=search&paid_fl=n
[티몬] Data Scientist,(주)티몬,서울,http://www.saramin.co.kr/zf_user/jobs/relay/view?view_type=search&rec_idx=37996745&location=ts&searchword=%ED%8C%8C%EC%9D%B4%EC%8D%AC&searchType=search&paid_fl=n
(주)카비 상반기 연구소 인재 채용 (전문연구요원 지원가능),(주)카비,서울,http://www.saramin.co.kr/zf_user/jobs/relay/view?view_type=search&rec_idx=37844543&location=ts&searchword=%ED%8C%8C%EC%9D%B4%EC%8D%AC&searchType=search&paid_fl=n
인공지능(AI) 전문기업 솔트룩스 - 데이터사이언티스트,㈜솔트룩스,서울,http://www.saramin.co.kr/zf_user/jobs/relay/view?view_type=search&rec_idx=37954650&location=ts&searchword=%ED%8C%8C%EC%9D%B4%EC%8D%AC&searchType=search&paid_fl=n
응용프로그램개발  신입 모집,라온엑스솔루션즈(주),경기,http://www.saramin.co.kr/zf_user/jobs/relay/view?view_type=search&rec_idx=37906181&location=ts&searchword=%ED%8C%8C%EC%9D%B4%EC%8D%AC&searchType=search&paid_fl=n
[국비 무료] 스마트IT 전문인력 교육생 모집,(학)경남대학교산학협력단,경남,http://www.saramin.co.kr/zf_user/jobs/relay/view?view_type=search&rec_idx=38073811&location=ts&searchword=%ED%8C%8C%EC%9D%B4%EC%8D%AC&searchType=search&paid_fl=n
(전액무료)자바프레임워크 응용SW개발자 취업연계과정,지스펙(주),서울전체,http://www.saramin.co.kr/zf_user/jobs/relay/view?view_type=search&rec_idx=37902978&location=ts&searchword=%ED%8C%8C%EC%9D%B4%EC%8D%AC&searchType=search&paid_fl=n
기술연구소 SW(소프트웨어) 채용(정규직),㈜퓨처로봇,경기,http://www.saramin.co.kr/zf_user/jobs/relay/view?view_type=search&rec_idx=38063314&location=ts&searchword=%ED%8C%8C%EC%9D%B4%EC%8D%AC&searchType=search&paid_fl=n
데이터팀 Data Scientist (데이터 과학자) 경력직 채용,번개장터(주),서울,http://www.saramin.co.kr/zf_user/jobs/relay/view?view_type=search&rec_idx=38040489&location=ts&searchword=%ED%8C%8C%EC%9D%B4%EC%8D%AC&searchType=search&paid_fl=n
[본사] 데이터분석팀 데이터분석가 경력 모집,트리노드 주식회사,부산,http://www.saramin.co.kr/zf_user/jobs/relay/view?view_type=search&rec_idx=38083064&location=ts&searchword=%ED%8C%8C%EC%9D%B4%EC%8D%AC&searchType=search&paid_fl=n
(재)한국통계정보원 통계·정보화 경력인력 모집,(재)한국통계정보원,대전,http://www.saramin.co.kr/zf_user/jobs/relay/view?view_type=search&rec_idx=37908503&location=ts&searchword=%ED%8C%8C%EC%9D%B4%EC%8D%AC&searchType=search&paid_fl=n
"풀 스택 개발자(MERN  Stack) [경력,신입]",더 에이치알더(주),서울,http://www.saramin.co.kr/zf_user/jobs/relay/view?view_type=search&rec_idx=38091483&location=ts&searchword=%ED%8C%8C%EC%9D%B4%EC%8D%AC&searchType=search&paid_fl=n
[분당/정자역] AI기반 시계열 데이터 분석 스타트업 채용 공고,(주)인이지,경기,http://www.saramin.co.kr/zf_user/jobs/relay/view?view_type=search&rec_idx=38076639&location=ts&searchword=%ED%8C%8C%EC%9D%B4%EC%8D%AC&searchType=search&paid_fl=n
Spring framework 관련 개발자 모집,(주)엣데이터,경기,http://www.saramin.co.kr/zf_user/jobs/relay/view?view_type=search&rec_idx=38054646&location=ts&searchword=%ED%8C%8C%EC%9D%B4%EC%8D%AC&searchType=search&paid_fl=n
"딥러닝 기반 S/W 개발자 채용(팀장급,사원)",(주)딥인스펙션,서울,http://www.saramin.co.kr/zf_user/jobs/relay/view?view_type=search&rec_idx=38078880&location=ts&searchword=%ED%8C%8C%EC%9D%B4%EC%8D%AC&searchType=search&paid_fl=n
기술연구소 개발자 인재 채용,(주)아이와즈,대전,http://www.saramin.co.kr/zf_user/jobs/relay/view?view_type=search&rec_idx=38064695&location=ts&searchword=%ED%8C%8C%EC%9D%B4%EC%8D%AC&searchType=search&paid_fl=n
JAVA//JSP 개발자(경력및신입) 정규직을 모십니다..,(주)올원,대전,http://www.saramin.co.kr/zf_user/jobs/relay/view?view_type=search&rec_idx=38015210&location=ts&searchword=%ED%8C%8C%EC%9D%B4%EC%8D%AC&searchType=search&paid_fl=n
AI LAB 수석연구원(팀장급) 모집,주식회사 공팔리터,서울,http://www.saramin.co.kr/zf_user/jobs/relay/view?view_type=search&rec_idx=38095633&location=ts&searchword=%ED%8C%8C%EC%9D%B4%EC%8D%AC&searchType=search&paid_fl=n
[바이애틱] IT 개발 직군 채용,(주)바이애틱,경기,http://www.saramin.co.kr/zf_user/jobs/relay/view?view_type=search&rec_idx=38022864&location=ts&searchword=%ED%8C%8C%EC%9D%B4%EC%8D%AC&searchType=search&paid_fl=n
Cloud 엔지니어 경력 3년 이상,굿어스데이터(주),서울,http://www.saramin.co.kr/zf_user/jobs/relay/view?view_type=search&rec_idx=38077649&location=ts&searchword=%ED%8C%8C%EC%9D%B4%EC%8D%AC&searchType=search&paid_fl=n
[KSTEC] 2020년 신입 및 경력 채용 (SW개발자),지식시스템㈜ KSTEC Inc.,경기,http://www.saramin.co.kr/zf_user/jobs/relay/view?view_type=search&rec_idx=38061910&location=ts&searchword=%ED%8C%8C%EC%9D%B4%EC%8D%AC&searchType=search&paid_fl=n
[메디컬아이피] 딥러닝 연구개발자 모집,메디컬아이피 주식회사,서울,http://www.saramin.co.kr/zf_user/jobs/relay/view?view_type=search&rec_idx=38051461&location=ts&searchword=%ED%8C%8C%EC%9D%B4%EC%8D%AC&searchType=search&paid_fl=n
인공지능(AI)·빅데이터 정규직 - 경력,(주)오픈이노베이션랩,대전,http://www.saramin.co.kr/zf_user/jobs/relay/view?view_type=search&rec_idx=38064850&location=ts&searchword=%ED%8C%8C%EC%9D%B4%EC%8D%AC&searchType=search&paid_fl=n
[한국축산데이터] AI(CV) 연구원 모집 (전문연구요원 가능),한국축산데이터(주),서울,http://www.saramin.co.kr/zf_user/jobs/relay/view?view_type=search&rec_idx=37854192&location=ts&searchword=%ED%8C%8C%EC%9D%B4%EC%8D%AC&searchType=search&paid_fl=n
인공지능 전문기업 마인즈랩 AI Scientist 모집,(주)마인즈랩,경기,http://www.saramin.co.kr/zf_user/jobs/relay/view?view_type=search&rec_idx=37884144&location=ts&searchword=%ED%8C%8C%EC%9D%B4%EC%8D%AC&searchType=search&paid_fl=n
호두잉글리시 상반기 각 부문 경력 채용,(주)호두랩스,서울,http://www.saramin.co.kr/zf_user/jobs/relay/view?view_type=search&rec_idx=38018103&location=ts&searchword=%ED%8C%8C%EC%9D%B4%EC%8D%AC&searchType=search&paid_fl=n
[포티투마루] 인공지능 QA개발(머신러닝/검색/SW엔지니어) 채용,주식회사 포티투마루,서울,http://www.saramin.co.kr/zf_user/jobs/relay/view?view_type=search&rec_idx=37954127&location=ts&searchword=%ED%8C%8C%EC%9D%B4%EC%8D%AC&searchType=search&paid_fl=n
인공지능 전문기업 마인즈랩 병역특례 모집(현역/보충역),(주)마인즈랩,경기,http://www.saramin.co.kr/zf_user/jobs/relay/view?view_type=search&rec_idx=38044584&location=ts&searchword=%ED%8C%8C%EC%9D%B4%EC%8D%AC&searchType=search&paid_fl=n
(경력) 플랫폼 엔지니어링팀 클라우드 솔루션 개발자,오케스트로(주),서울,http://www.saramin.co.kr/zf_user/jobs/relay/view?view_type=search&rec_idx=37916874&location=ts&searchword=%ED%8C%8C%EC%9D%B4%EC%8D%AC&searchType=search&paid_fl=n
[포티투마루] 인공지능 서비스 신입/경력 기획자 모집,주식회사 포티투마루,서울,http://www.saramin.co.kr/zf_user/jobs/relay/view?view_type=search&rec_idx=38027881&location=ts&searchword=%ED%8C%8C%EC%9D%B4%EC%8D%AC&searchType=search&paid_fl=n
[수시] ZUM 데이터 엔지니어 (경력),줌인터넷(주),서울,http://www.saramin.co.kr/zf_user/jobs/relay/view?view_type=search&rec_idx=38089203&location=ts&searchword=%ED%8C%8C%EC%9D%B4%EC%8D%AC&searchType=search&paid_fl=n
[오픈서베이] 데이터 애널리스트 (전문연구요원/병역특례) 채용,오픈서베이,서울,http://www.saramin.co.kr/zf_user/jobs/relay/view?view_type=search&rec_idx=38087805&location=ts&searchword=%ED%8C%8C%EC%9D%B4%EC%8D%AC&searchType=search&paid_fl=n
(주)넥스트케이 딥 러닝 연구원 모집,(주)넥스트케이,경기,http://www.saramin.co.kr/zf_user/jobs/relay/view?view_type=search&rec_idx=37931739&location=ts&searchword=%ED%8C%8C%EC%9D%B4%EC%8D%AC&searchType=search&paid_fl=n
[텐일레븐] 신입/경력 개발자 채용(전문연구요원 가능),(주)텐일레븐,서울,http://www.saramin.co.kr/zf_user/jobs/relay/view?view_type=search&rec_idx=37926498&location=ts&searchword=%ED%8C%8C%EC%9D%B4%EC%8D%AC&searchType=search&paid_fl=n
㈜노벨알엔디 각 부문 경력 개발자 채용,주식회사 노벨알엔디,경기,http://www.saramin.co.kr/zf_user/jobs/relay/view?view_type=search&rec_idx=38073180&location=ts&searchword=%ED%8C%8C%EC%9D%B4%EC%8D%AC&searchType=search&paid_fl=n
[Sr.Specialist] 예측마케팅 (Marketing Data Engineer),유한책임회사딜리버리히어로코리아,서울,http://www.saramin.co.kr/zf_user/jobs/relay/view?view_type=search&rec_idx=38083226&location=ts&searchword=%ED%8C%8C%EC%9D%B4%EC%8D%AC&searchType=search&paid_fl=n
"하이테크타운 벤처 개발팀(백엔드,프론트엔드,IoT) 채용",스마트선박벤처기술,울산,http://www.saramin.co.kr/zf_user/jobs/relay/view?view_type=search&rec_idx=38014606&location=ts&searchword=%ED%8C%8C%EC%9D%B4%EC%8D%AC&searchType=search&paid_fl=n
[여기어때] 데이터 엔지니어 (DBA/DW구축) 채용,(주)여기어때컴퍼니,서울,http://www.saramin.co.kr/zf_user/jobs/relay/view?view_type=search&rec_idx=38053756&location=ts&searchword=%ED%8C%8C%EC%9D%B4%EC%8D%AC&searchType=search&paid_fl=n
RTL 및 ASIC 설계 엔지니어(딥러닝 하드웨어 프로세서 개발),(주)딥엑스,경기,http://www.saramin.co.kr/zf_user/jobs/relay/view?view_type=search&rec_idx=38094133&location=ts&searchword=%ED%8C%8C%EC%9D%B4%EC%8D%AC&searchType=search&paid_fl=n
딥러닝 기반 모션 캡처 기술 연구 개발자(AI Engineer)를 모집합,주식회사 인공지능연구원,경기,http://www.saramin.co.kr/zf_user/jobs/relay/view?view_type=search&rec_idx=37926183&location=ts&searchword=%ED%8C%8C%EC%9D%B4%EC%8D%AC&searchType=search&paid_fl=n
딥러닝 알고리즘 및 응용 Engineer,(주)딥엑스,경기,http://www.saramin.co.kr/zf_user/jobs/relay/view?view_type=search&rec_idx=38094138&location=ts&searchword=%ED%8C%8C%EC%9D%B4%EC%8D%AC&searchType=search&paid_fl=n
